Time_Sec,Weighted_Value
0.0,0.030824999999999998
0.033333,-0.10339140000000001
0.066667,-0.2251312
0.1,-0.3210932
0.133333,-0.37943380000000004
0.166667,-0.3925494
0.2,-0.35922500000000007
0.233333,-0.2845786
0.266667,-0.1780658
0.3,-0.0512956
0.333333,0.0829116
0.366667,0.2103506
0.4,0.315335
0.433333,0.38178160000000005
0.466667,0.3959482000000001
0.5,0.3505904000000001
0.533333,0.2492724
0.566667,0.108378
0.6,-0.0454038
0.633333,-0.18208140000000003
0.666667,-0.27711820000000004
0.7,-0.318256
0.733333,-0.3079294000000001
0.766667,-0.26077520000000004
0.8,-0.19750160000000003
0.833333,-0.137491
0.866667,-0.0927008
0.9,-0.0647416
0.933333,-0.04574480000000001
0.966667,-0.0224838
1.0,0.0176274
1.033333,0.08068940000000001
1.066667,0.16290459999999998
1.1,0.25103919999999996
1.133333,0.3265092
1.166667,0.37133160000000004
1.2,0.37371380000000004
1.233333,0.3313804000000001
1.266667,0.25152880000000005
1.3,0.1477468
1.333333,0.0357684
1.366667,-0.06988480000000001
1.4,-0.15772499999999998
1.433333,-0.22033020000000003
1.466667,-0.2553516
1.5,-0.266403
1.533333,-0.263015
1.566667,-0.2587066
1.6,-0.2667684
1.633333,-0.29447260000000003
1.666667,-0.3377466
1.7,-0.3790872
1.733333,-0.3908124
1.766667,-0.3436582
1.8,-0.2181744
1.833333,-0.014758800000000002
1.866667,0.24176540000000002
1.9,0.505465
1.933333,0.720261
1.966667,0.8354904000000001
2.0,0.8211942000000001
2.033333,0.6780916
2.066667,0.43857100000000004
2.1,0.1578042
2.133333,-0.10245820000000001
2.166667,-0.2920312
2.2,-0.3861094
2.233333,-0.38992060000000006
2.266667,-0.33273740000000007
2.3,-0.2539066
2.333333,-0.1868922
2.366667,-0.148065
2.4,-0.1344748
2.433333,-0.1303528
2.466667,-0.1181108
2.5,-0.0880776
2.533333,-0.042471600000000005
2.566667,0.0074274
2.6,0.048231800000000005
2.633333,0.0710798
2.666667,0.07472440000000001
2.7,0.0646054
2.733333,0.04949200000000001
2.766667,0.0376518
2.8,0.0339336
2.833333,0.0383638
2.866667,0.0462896
2.9,0.049811799999999996
2.933333,0.040187
2.966667,0.010828800000000001
3.0,-0.0397014
3.033333,-0.10550699999999999
3.066667,-0.1728882
3.1,-0.2222918
3.133333,-0.2328024
3.166667,-0.1884016
3.2,-0.08435440000000001
3.233333,0.0683422
3.266667,0.242406
3.3,0.39898320000000004
3.333333,0.4975482
3.366667,0.5084226000000001
3.4,0.42317040000000006
3.433333,0.2582966
3.466667,0.0506998
3.5,-0.15306320000000004
3.533333,-0.3095508
3.566667,-0.3891328
3.6,-0.3818842
3.633333,-0.2979014
3.666667,-0.163059
3.7,-0.0120528
3.733333,0.119435
3.766667,0.2019608
3.8,0.2177254
3.833333,0.1634492
3.866667,0.0506088
3.9,-0.09690220000000001
3.933333,-0.2477656
3.966667,-0.370475
4.0,-0.4409422
4.033333,-0.44762920000000006
4.066667,-0.3921004
4.1,-0.28514140000000004
4.133333,-0.1408636
4.166667,0.027712599999999997
4.2,0.2089562
4.233333,0.388829
4.266667,0.5462176000000001
4.3,0.6521880000000001
4.333333,0.6763129999999999
4.366667,0.5988174
4.4,0.42266060000000005
4.433333,0.1783026
4.466667,-0.08267080000000002
4.5,-0.30278499999999997
4.533333,-0.436152
4.566667,-0.46147240000000006
4.6,-0.38667280000000004
4.633333,-0.24447100000000002
4.666667,-0.0808668
4.7,0.0593546
4.733333,0.14502140000000002
4.766667,0.1648734
4.8,0.12669
4.833333,0.0511678
4.866667,-0.036224400000000004
4.9,-0.11263100000000001
4.933333,-0.16278460000000003
4.966667,-0.1809324
5.0,-0.16991460000000003
5.033333,-0.1381336
5.066667,-0.0955706
5.1,-0.050250399999999994
5.133333,-0.0064586
5.166667,0.03475240000000001
5.2,0.07342900000000001
5.233333,0.10837660000000002
5.266667,0.1358938
5.3,0.15022560000000001
5.333333,0.14562319999999998
5.366667,0.11919440000000002
5.4,0.0731482
5.433333,0.015228399999999998
5.466667,-0.04293
5.5,-0.0888474
5.533333,-0.11260940000000001
5.566667,-0.1096088
5.6,-0.08171740000000002
5.633333,-0.0365006
5.666667,0.0151134
5.7,0.06178960000000001
5.733333,0.094499
5.766667,0.10837980000000001
5.8,0.1033122
5.833333,0.08307760000000002
5.866667,0.0536058
5.9,0.021121400000000005
5.933333,-0.0092224
5.966667,-0.0340552
6.0,-0.0518366
6.033333,-0.062395200000000005
6.066667,-0.0663528
6.1,-0.0647424
6.133333,-0.0587906
6.166667,-0.049656200000000005
6.2,-0.038179399999999995
6.233333,-0.024874800000000002
6.266667,-0.010204000000000001
6.3,0.0050588000000000004
6.333333,0.0195626
6.366667,0.0313446
6.4,0.0382022
6.433333,0.038424200000000006
6.466667,0.0314986
6.5,0.0183274
6.533333,0.0009416
6.566667,-0.017963000000000003
6.6,-0.0354072
6.633333,-0.048398800000000006
6.666667,-0.054186
6.7,-0.050597800000000005
6.733333,-0.0365958
6.766667,-0.012973400000000001
6.8,0.017192400000000004
6.833333,0.04873700000000001
6.866667,0.0753582
6.9,0.09109720000000002
6.933333,0.09200620000000001
6.966667,0.07747760000000001
7.0,0.050584800000000006
7.033333,0.0171196
7.066667,-0.0162368
7.1,-0.0437654
7.133333,-0.061925600000000004
7.166667,-0.0696818
7.2,-0.0679634
7.233333,-0.058643200000000006
7.266667,-0.04369780000000001
7.3,-0.025029400000000004
7.333333,-0.004769600000000001
7.366667,0.014469200000000002
7.4,0.029724
7.433333,0.038179
7.466667,0.0379302
7.5,0.0287954
7.533333,0.012736800000000001
7.566667,-0.006461800000000001
7.6,-0.024176800000000002
7.633333,-0.0361076
7.666667,-0.039166
7.7,-0.0318658
7.733333,-0.014151
7.766667,0.013107200000000001
7.8,0.0483786
7.833333,0.08907319999999999
7.866667,0.1307394
7.9,0.1666296
7.933333,0.1883032
7.966667,0.1873054
8.0,0.1574628
8.033333,0.0969238
8.066667,0.009115600000000001
8.1,-0.09763100000000001
8.133333,-0.2112078
8.166667,-0.31704560000000004
8.2,-0.3998018
8.233333,-0.44588160000000004
8.266667,-0.44649720000000004
8.3,-0.40001400000000004
8.333333,-0.31221920000000003
8.366667,-0.19403379999999998
8.4,-0.0575988
8.433333,0.0871184
8.466667,0.23288880000000003
8.5,0.37227760000000004
8.533333,0.4933312
8.566667,0.5778088
8.6,0.6048516
8.633333,0.5593928000000001
8.666667,0.440984
8.7,0.2676544
8.733333,0.0720676
8.766667,-0.10824120000000001
8.8,-0.24191780000000004
8.833333,-0.31190260000000003
8.866667,-0.318572
8.9,-0.2775984
8.933333,-0.213479
8.966667,-0.1508962
9.0,-0.1070118
9.033333,-0.0873748
9.066667,-0.0865704
9.1,-0.09275480000000001
9.133333,-0.09382460000000001
9.166667,-0.082555
9.2,-0.0586938
9.233333,-0.027671000000000005
9.266667,0.0027774
9.3,0.026108000000000003
9.333333,0.039178000000000004
9.366667,0.04265340000000001
9.4,0.039834
9.433333,0.034662599999999995
9.466667,0.030040200000000003
9.5,0.0272626
9.533333,0.026535200000000002
9.566667,0.0278184
9.6,0.031307800000000004
9.633333,0.037286400000000004
9.666667,0.045508400000000004
9.7,0.054552
9.733333,0.061658399999999995
9.766667,0.06331320000000001
9.8,0.056356199999999995
9.833333,0.03919160000000001
9.866667,0.012776200000000001
9.9,-0.0189112
9.933333,-0.04933180000000001
9.966667,-0.0709286
10.0,-0.07734200000000001
10.033333,-0.0655108
10.066667,-0.036941600000000005
10.1,0.0022948
10.133333,0.042990600000000004
10.166667,0.07529799999999999
10.2,0.09137
10.233333,0.0872306
10.266667,0.06348480000000001
10.3,0.025009600000000003
10.333333,-0.0201714
10.366667,-0.06258899999999999
10.4,-0.09326060000000001
10.433333,-0.1055094
10.466667,-0.09645120000000001
10.5,-0.0678908
10.533333,-0.0261436
10.566667,0.0194472
10.6,0.0588448
10.633333,0.08365380000000001
10.666667,0.0888254
10.7,0.07350960000000001
10.733333,0.0409988
10.766667,-0.0021652000000000004
10.8,-0.0475978
10.833333,-0.0866026
10.866667,-0.111661
10.9,-0.1178152
10.933333,-0.10364
10.966667,-0.07149939999999999
11.0,-0.027049800000000002
11.033333,0.0218462
11.066667,0.0666578
11.1,0.09996859999999999
11.133333,0.117009
11.166667,0.1164212
11.2,0.1000956
11.233333,0.07234
11.266667,0.038686599999999995
11.3,0.0046198
11.333333,-0.025453799999999995
11.366667,-0.04874440000000001
11.4,-0.0641222
11.433333,-0.0718202
11.466667,-0.07290400000000001
11.5,-0.06863540000000001
11.533333,-0.0599508
11.566667,-0.0472662
11.6,-0.030634000000000005
11.633333,-0.010131600000000001
11.666667,0.013646000000000002
11.7,0.03911480000000001
11.733333,0.0635266
11.766667,0.0832612
11.8,0.094506
11.833333,0.0941006
11.866667,0.08047860000000001
11.9,0.05466360000000001
11.933333,0.0210078
11.966667,-0.012898600000000003
12.0,-0.0375872
12.033333,-0.044364799999999996
12.066667,-0.0286076
12.1,0.0076170000000000005
12.133333,0.055068000000000006
12.166667,0.09963660000000002
12.2,0.1266234
12.233333,0.12518859999999998
12.266667,0.0912298
12.3,0.027816200000000003
12.333333,-0.0566116
12.366667,-0.1510202
12.4,-0.2439656
12.433333,-0.324436
12.466667,-0.3820796
12.5,-0.40804360000000006
12.533333,-0.3967092
12.566667,-0.347272
12.6,-0.263745
12.633333,-0.1529146
12.666667,-0.0212788
12.7,0.1267966
12.733333,0.2875976
12.766667,0.45309799999999995
12.8,0.6054708000000001
12.833333,0.7159622000000001
12.866667,0.751551
12.9,0.6880176000000001
12.933333,0.522994
12.966667,0.28131
13.0,0.0090192
13.033333,-0.24094100000000002
13.066667,-0.42449480000000006
13.1,-0.5174188
13.133333,-0.5188644
13.166667,-0.44783540000000005
13.2,-0.3349186
13.233333,-0.2124652
13.266667,-0.1064158
13.3,-0.0318274
13.333333,0.0075774
13.366667,0.016991600000000003
13.4,0.006843000000000001
13.433333,-0.0108484
13.466667,-0.025365600000000002
13.5,-0.0292358
13.533333,-0.019307200000000004
13.566667,0.0029288
13.6,0.0318554
13.633333,0.0592436
13.666667,0.0767632
13.7,0.0789354
13.733333,0.0653666
13.766667,0.0410188
13.8,0.0141594
13.833333,-0.0070496000000000005
13.866667,-0.017610800000000003
13.9,-0.017019999999999997
13.933333,-0.0084842
13.966667,0.0034116000000000003
14.0,0.015438600000000002
14.033333,0.027447000000000003
14.066667,0.042016200000000004
14.1,0.061977000000000004
14.133333,0.08714840000000001
14.166667,0.1123678
14.2,0.12830060000000001
14.233333,0.1249958
14.266667,0.09658040000000001
14.3,0.0447034
14.333333,-0.021155200000000002
14.366667,-0.0867272
14.4,-0.13781279999999999
14.433333,-0.16473000000000002
14.466667,-0.16468320000000003
14.5,-0.14148760000000002
14.533333,-0.10309880000000002
14.566667,-0.05821780000000001
14.6,-0.013569800000000002
14.633333,0.026983200000000002
14.666667,0.06153020000000001
14.7,0.0883998
14.733333,0.1049406
14.766667,0.1076544
14.8,0.0937618
14.833333,0.06337880000000001
14.866667,0.020904800000000005
14.9,-0.0254886
14.933333,-0.066194
14.966667,-0.09317540000000002
15.0,-0.10228260000000002
15.033333,-0.09400900000000001
15.066667,-0.07262500000000001
15.1,-0.0442752
15.133333,-0.014993800000000003
15.166667,0.0106204
15.2,0.0299108
15.233333,0.042071199999999996
15.266667,0.047692200000000004
15.3,0.048074399999999996
15.333333,0.0445644
15.366667,0.03817
15.4,0.029526800000000002
15.433333,0.01914
15.466667,0.0078054
15.5,-0.0029746
15.533333,-0.010903800000000002
15.566667,-0.0133846
15.6,-0.008505
15.633333,0.0038448000000000006
15.666667,0.021165
15.7,0.038324199999999996
15.733333,0.048708800000000003
15.766667,0.04634360000000001
15.8,0.028108
15.833333,-0.004969000000000001
15.866667,-0.047701600000000004
15.9,-0.09174
15.933333,-0.1271722
15.966667,-0.14453500000000002
16.0,-0.1369772
16.033333,-0.10221659999999999
16.066667,-0.043812199999999996
16.1,0.028770399999999998
16.133333,0.10171859999999999
16.166667,0.1600332
16.2,0.19154500000000002
16.233333,0.19053299999999998
16.266667,0.1597098
16.3,0.1097166
16.333333,0.05597560000000001
16.366667,0.013745000000000002
16.4,-0.006841
16.433333,-0.0039008000000000003
16.466667,0.0158552
16.5,0.0394372
16.533333,0.05164860000000001
16.566667,0.03959440000000001
16.6,-0.0037298
16.633333,-0.07756640000000002
16.666667,-0.17319720000000002
16.7,-0.2752202
16.733333,-0.3644416
16.766667,-0.42230680000000004
16.8,-0.43566360000000004
16.833333,-0.3998234000000001
16.866667,-0.318487
16.9,-0.20071840000000002
16.933333,-0.056768799999999994
16.966667,0.10473120000000001
17.0,0.27618319999999996
17.033333,0.4470026000000001
17.066667,0.5988960000000001
17.1,0.7048764
17.133333,0.7352120000000001
17.166667,0.6691788000000001
17.2,0.5067586000000001
17.233333,0.27310480000000004
17.266667,0.012475799999999999
17.3,-0.22543960000000002
17.333333,-0.4001370000000001
17.366667,-0.4901236
17.4,-0.49559359999999997
17.433333,-0.43457520000000005
17.466667,-0.33485420000000005
17.5,-0.22479360000000004
17.533333,-0.126055
17.566667,-0.05009480000000001
17.6,0.0013792
17.633333,0.03318000000000001
17.666667,0.052366600000000006
17.7,0.0645988
17.733333,0.07227259999999999
17.766667,0.07473740000000001
17.8,0.0699206
17.833333,0.0562596
17.866667,0.034112800000000006
17.9,0.0062376
17.933333,-0.022748400000000002
17.966667,-0.04768820000000001
18.0,-0.06436760000000001
18.033333,-0.0704754
18.066667,-0.06577440000000001
18.1,-0.051628
18.133333,-0.030203199999999996
18.166667,-0.0036990000000000005
18.2,0.0260582
18.233333,0.0574468
18.266667,0.088499
18.3,0.1164112
18.333333,0.137491
18.366667,0.1476692
18.4,0.14351400000000003
18.433333,0.12342020000000001
18.466667,0.08848120000000001
18.5,0.0425826
18.533333,-0.0083066
18.566667,-0.057352200000000006
18.6,-0.09820700000000002
18.633333,-0.1261432
18.666667,-0.13866
18.7,-0.1354912
18.733333,-0.1182292
18.766667,-0.08987819999999999
18.8,-0.0544132
18.833333,-0.0163316
18.866667,0.019790200000000004
18.9,0.04970920000000001
18.933333,0.0700014
18.966667,0.07865280000000002
19.0,0.07553620000000003
19.033333,0.0624686
19.066667,0.042830400000000005
19.1,0.0209512
19.133333,0.0013412000000000003
19.166667,-0.0122496
19.2,-0.0178192
19.233333,-0.015798200000000002
19.266667,-0.0091044
19.3,-0.0023766
19.333333,-0.00041180000000000014
19.366667,-0.0062186
19.4,-0.019560400000000002
19.433333,-0.036793200000000005
19.466667,-0.0521556
19.5,-0.059898599999999996
19.533333,-0.05637
19.566667,-0.04131900000000001
19.6,-0.018011999999999997
19.633333,0.0078244
19.666667,0.0297914
19.7,0.0427274
19.733333,0.044153200000000004
19.766667,0.03486620000000001
19.8,0.018479199999999998
19.833333,9.98e-05
19.866667,-0.015272
19.9,-0.024018199999999996
19.933333,-0.02454
19.966667,-0.0172792
20.0,-0.0042461999999999995
20.033333,0.011727
20.066667,0.0277056
20.1,0.0411518
20.133333,0.05023280000000001
20.166667,0.054036
20.2,0.052613800000000016
20.233333,0.046723400000000005
20.266667,0.037363400000000005
20.3,0.025369600000000006
20.333333,0.0112488
20.366667,-0.004686000000000001
20.4,-0.0218642
20.433333,-0.038815
20.466667,-0.05269340000000001
20.5,-0.0593968
20.533333,-0.05442300000000001
20.566667,-0.0343622
20.6,0.0013300000000000002
20.633333,0.0488798
20.666667,0.09989200000000001
20.7,0.14276339999999998
20.733333,0.1655532
20.766667,0.1592558
20.8,0.1202578
20.833333,0.051190000000000006
20.866667,-0.0399414
20.9,-0.14173
20.933333,-0.24146080000000003
20.966667,-0.3266866
21.0,-0.38653420000000005
21.033333,-0.41319880000000003
21.066667,-0.40336520000000003
21.1,-0.3585168
21.133333,-0.283351
21.166667,-0.182669
21.2,-0.058474200000000004
21.233333,0.0903386
21.266667,0.264066
21.3,0.45489480000000004
21.333333,0.6402872000000001
21.366667,0.7827020000000001
21.4,0.8390398000000001
21.433333,0.7774592000000001
21.466667,0.5935176
21.5,0.31637860000000007
21.533333,0.0009864
21.566667,-0.289929
21.6,-0.505214
21.633333,-0.6181866
21.666667,-0.6297186
21.7,-0.5624899999999999
21.733333,-0.4499718
21.766667,-0.3246218
21.8,-0.20926260000000002
21.833333,-0.1138426
21.866667,-0.037465
21.9,0.026286999999999998
21.933333,0.083473
21.966667,0.1357504
22.0,0.1794618
22.033333,0.2077086
22.066667,0.21404579999999998
22.1,0.19595720000000003
22.133333,0.1566226
22.166667,0.1043556
22.2,0.05003540000000001
22.233333,0.0037099999999999998
22.266667,-0.0281694
22.3,-0.043917
22.333333,-0.046177800000000005
22.366667,-0.040431600000000005
22.4,-0.032979800000000004
22.433333,-0.028923400000000002
22.466667,-0.0307504
22.5,-0.037995
22.533333,-0.0478588
22.566667,-0.05629880000000001
22.6,-0.05920500000000001
22.633333,-0.053500400000000004
22.666667,-0.038010600000000005
22.7,-0.013927200000000002
22.733333,0.0152178
22.766667,0.04405100000000001
22.8,0.0663996
22.833333,0.07683820000000001
22.866667,0.0723176
22.9,0.053275
22.933333,0.023838599999999998
22.966667,-0.008849600000000001
23.0,-0.0360424
23.033333,-0.0493598
23.066667,-0.043102600000000005
23.1,-0.0164208
23.133333,0.025410600000000002
23.166667,0.07141300000000002
23.2,0.10749460000000001
23.233333,0.12074900000000001
23.266667,0.10392520000000001
23.3,0.0582018
23.333333,-0.006866000000000001
23.366667,-0.0760966
23.4,-0.133026
23.433333,-0.1643638
23.466667,-0.1632242
23.5,-0.1304326
23.533333,-0.07390859999999999
23.566667,-0.0065428000000000005
23.6,0.056893200000000005
23.633333,0.10316320000000001
23.666667,0.1234772
23.7,0.1151778
23.733333,0.0819136
23.766667,0.0324132
23.8,-0.0218158
23.833333,-0.0692976
23.866667,-0.10108460000000001
23.9,-0.11225040000000001
23.933333,-0.10220340000000001
23.966667,-0.07411440000000001
24.0,-0.0338362
24.033333,0.011368800000000002
24.066667,0.05402660000000001
24.1,0.08741900000000001
24.133333,0.10641580000000002
24.166667,0.10824180000000001
24.2,0.0930026
24.233333,0.06364500000000001
24.266667,0.025322600000000004
24.3,-0.015568600000000002
24.333333,-0.0524476
24.366667,-0.0796026
24.4,-0.0931098
24.433333,-0.0914156
24.466667,-0.07543920000000001
24.5,-0.04822800000000001
24.533333,-0.0142488
24.566667,0.021461200000000003
24.6,0.05405379999999999
24.633333,0.07943900000000001
24.666667,0.09475720000000001
24.7,0.0988536
24.733333,0.0926264
24.766667,0.078991
24.8,0.06234760000000001
24.833333,0.047568599999999996
24.866667,0.03861960000000001
24.9,0.0371642
24.933333,0.041766000000000005
24.966667,0.048139
25.0,0.050330599999999996
25.033333,0.04231580000000001
25.066667,0.0194602
25.1,-0.020470200000000004
25.133333,-0.0769172
25.166667,-0.14656660000000002
25.2,-0.22336379999999997
25.233333,-0.29847440000000003
25.266667,-0.360907
25.3,-0.39944680000000005
25.333333,-0.405405
25.366667,-0.37460960000000004
25.4,-0.3072962
25.433333,-0.20596640000000002
25.466667,-0.07279980000000001
25.5,0.09097920000000001
25.533333,0.28202580000000005
25.566667,0.4886126
25.6,0.6849016
25.633333,0.8312110000000001
25.666667,0.8837794000000001
25.7,0.8118246
25.733333,0.6136894
25.766667,0.322588
25.8,-0.00217
25.833333,-0.2943072
25.866667,-0.5009541999999999
25.9,-0.596309
25.933333,-0.5851450000000001
25.966667,-0.49691060000000004
26.0,-0.3736514
26.033333,-0.2561176
26.066667,-0.1723498
26.1,-0.1317454
26.133333,-0.12554200000000001
26.166667,-0.1326566
26.2,-0.1285608
26.233333,-0.094405
26.266667,-0.023712000000000004
26.3,0.0752478
26.333333,0.18200819999999998
26.366667,0.2705318
26.4,0.31783079999999997
26.433333,0.3116954
26.466667,0.25469680000000006
26.5,0.16292040000000002
26.533333,0.0600616
26.566667,-0.0305724
26.6,-0.0929838
26.633333,-0.1219156
26.666667,-0.1219916
26.7,-0.1036056
26.733333,-0.07782540000000002
26.766667,-0.052552400000000006
26.8,-0.0310528
26.833333,-0.012701200000000001
26.866667,0.0049445999999999995
26.9,0.0238044
26.933333,0.043662400000000004
26.966667,0.061828600000000004
27.0,0.07398060000000001
27.033333,0.07566560000000001
27.066667,0.0640184
27.1,0.039278
27.133333,0.005533600000000001
27.166667,-0.0298628
27.2,-0.0582692
27.233333,-0.0725068
27.266667,-0.06941699999999999
27.3,-0.051226400000000005
27.333333,-0.025009200000000002
27.366667,-0.00024139999999999999
27.4,0.014654200000000001
27.433333,0.015348400000000002
27.466667,0.0030692000000000007
27.5,-0.0159632
27.533333,-0.032865399999999996
27.566667,-0.0393656
27.6,-0.030893200000000006
27.633333,-0.0083782
27.666667,0.021902400000000002
27.7,0.0504286
27.733333,0.0678148
27.766667,0.0682408
27.8,0.051548800000000006
27.833333,0.023157800000000003
27.866667,-0.008027
27.9,-0.0327236
27.933333,-0.04419460000000001
27.966667,-0.0400348
28.0,-0.0224212
28.033333,0.0030054000000000005
28.066667,0.028944
28.1,0.0482394
28.133333,0.055388200000000005
28.166667,0.047639
28.2,0.02556
28.233333,-0.007091600000000001
28.266667,-0.044124000000000003
28.3,-0.07807099999999999
28.333333,-0.1016284
28.366667,-0.10926580000000001
28.4,-0.0986892
28.433333,-0.0716818
28.466667,-0.0339624
28.5,0.006078200000000001
28.533333,0.039628000000000003
28.566667,0.0601326
28.6,0.0653708
28.633333,0.0579606
28.666667,0.04406000000000001
28.7,0.0308942
28.733333,0.024160400000000002
28.766667,0.026259400000000002
28.8,0.0358488
28.833333,0.0486394
28.866667,0.0589408
28.9,0.0614358
28.933333,0.05288720000000001
28.966667,0.03348440000000001
29.0,0.007301800000000001
29.033333,-0.018517600000000002
29.066667,-0.035722800000000006
29.1,-0.037460600000000004
29.133333,-0.0206436
29.166667,0.012510600000000002
29.2,0.054424400000000005
29.233333,0.09389920000000002
29.266667,0.119096
29.3,0.12057620000000001
29.333333,0.09335760000000001
29.366667,0.0375794
29.4,-0.042040799999999996
29.433333,-0.13731259999999998
29.466667,-0.23753200000000002
29.5,-0.3301232
29.533333,-0.4016316
29.566667,-0.4397256
29.6,-0.43586040000000004
29.633333,-0.38725440000000005
29.666667,-0.29694099999999995
29.7,-0.171781
29.733333,-0.0196294
29.766667,0.15230420000000003
29.8,0.3360836
29.833333,0.5187077999999999
29.866667,0.6777424
29.9,0.7816050000000001
29.933333,0.7974822
29.966667,0.7048808000000001
30.0,0.5079212000000001
30.033333,0.23881340000000004
30.066667,-0.050338400000000005
30.1,-0.3035546
30.133333,-0.477352
30.166667,-0.5513074000000001
30.2,-0.530423
30.233333,-0.4401058
30.266667,-0.3163056
30.3,-0.19427520000000004
30.333333,-0.0994312
30.366667,-0.042784600000000006
30.4,-0.021464
30.433333,-0.023092
30.466667,-0.031909400000000004
30.5,-0.034512999999999995
30.533333,-0.0235824
30.566667,0.001121
30.6,0.034145999999999996
30.633333,0.0671328
30.666667,0.09193000000000001
30.7,0.1031762
30.733333,0.0996712
30.766667,0.08421840000000001
30.8,0.06222460000000001
30.833333,0.0397766
30.866667,0.0218852
30.9,0.011315400000000001
30.933333,0.008262199999999999
30.966667,0.010830600000000001
31.0,0.015987
31.033333,0.020537800000000002
31.066667,0.021952400000000004
31.1,0.018979999999999997
31.133333,0.011955400000000001
31.166667,0.0026186
31.2,-0.0065004
31.233333,-0.012943399999999999
31.266667,-0.0151774
31.3,-0.0131602
31.333333,-0.0083156
31.366667,-0.0028530000000000005
31.4,0.001182
31.433333,0.002604
31.466667,0.0013004
31.5,-0.0019236000000000001
31.533333,-0.0057334000000000005
31.566667,-0.0087632
31.6,-0.0100262
31.633333,-0.009067600000000002
31.666667,-0.005947600000000001
31.7,-0.0012280000000000001
31.733333,0.0040616
31.766667,0.0085842
31.8,0.010978400000000001
31.833333,0.010121600000000001
31.866667,0.005391
31.9,-0.0030084000000000005
31.933333,-0.013802400000000001
31.966667,-0.024753200000000003
32.0,-0.03318720000000001
32.033333,-0.03677420000000001
32.066667,-0.034323400000000004
32.1,-0.026346200000000004
32.133333,-0.0150832
32.166667,-0.0038055999999999997
32.2,0.004402200000000001
32.233333,0.007875
32.266667,0.0070956
32.3,0.004555000000000001
32.333333,0.0036394000000000005
32.366667,0.0069454
32.4,0.0148934
32.433333,0.025427599999999998
32.466667,0.0349116
32.5,0.0396616
32.533333,0.0374056
32.566667,0.028103999999999997
32.6,0.0137992
32.633333,-0.0023652
32.666667,-0.0173058
32.7,-0.028681000000000005
32.733333,-0.034981200000000004
32.766667,-0.035371
32.8,-0.0295742
32.833333,-0.017890999999999997
32.866667,-0.0013721999999999999
32.9,0.0178786
32.933333,0.0365902
32.966667,0.0507574
33.0,0.05659360000000001
33.033333,0.05157660000000001
33.066667,0.03516180000000001
33.1,0.008997000000000002
33.133333,-0.0233544
33.166667,-0.057056600000000006
33.2,-0.08673460000000001
33.233333,-0.10703700000000002
33.266667,-0.11301260000000002
33.3,-0.10052040000000001
33.333333,-0.06688640000000001
33.366667,-0.011940000000000001
33.4,0.06068660000000001
33.433333,0.14250780000000002
33.466667,0.22025160000000005
33.5,0.27775099999999997
33.533333,0.29953900000000006
33.566667,0.2750996
33.6,0.2023062
33.633333,0.08870220000000001
33.666667,-0.050033200000000014
33.7,-0.193883
33.733333,-0.3229246
33.766667,-0.4208138
33.8,-0.47682500000000005
33.833333,-0.48673020000000006
33.866667,-0.45266500000000004
33.9,-0.381753
33.933333,-0.2834338
33.966667,-0.166121
34.0,-0.0345504
34.033333,0.11046220000000002
34.066667,0.26864560000000004
34.1,0.4339658
34.133333,0.588767
34.166667,0.703162
34.2,0.742666
34.233333,0.6821976
34.266667,0.5195687999999999
34.3,0.2806024
34.333333,0.0124586
34.366667,-0.23142020000000002
34.4,-0.4073854
34.433333,-0.4924092000000001
34.466667,-0.48712020000000006
34.5,-0.4117602
34.533333,-0.297535
34.566667,-0.1766562
34.6,-0.0742722
34.633333,-0.0043234
34.666667,0.0304856
34.7,0.0358072
34.733333,0.0215176
34.766667,-0.0021823999999999997
34.8,-0.027336000000000003
34.833333,-0.0489998
34.866667,-0.06458620000000001
34.9,-0.07267960000000001
34.933333,-0.072132
34.966667,-0.06184420000000001
35.0,-0.041244600000000006
35.033333,-0.011094400000000003
35.066667,0.0260148
35.1,0.0659188
35.133333,0.10373840000000001
35.166667,0.1347984
35.2,0.15527499999999997
35.233333,0.1626064
35.266667,0.1557884
35.3,0.1355416
35.333333,0.10430359999999998
35.366667,0.06597679999999999
35.4,0.025346399999999998
35.433333,-0.0127878
35.466667,-0.0444886
35.5,-0.0672494
35.533333,-0.08017880000000001
35.566667,-0.08391220000000002
35.6,-0.0802896
35.633333,-0.07179920000000001
35.666667,-0.0609542
35.7,-0.0497886
35.733333,-0.0395528
35.766667,-0.030601000000000003
35.8,-0.022557200000000003
35.833333,-0.0147628
35.866667,-0.006756399999999999
35.9,0.0015362000000000002
35.933333,0.0098952
35.966667,0.017968
36.0,0.025361400000000003
36.033333,0.031714400000000004
36.066667,0.036723200000000004
36.1,0.04007840000000001
36.133333,0.04138220000000001
36.166667,0.04018480000000001
36.2,0.0361356
36.233333,0.029179
36.266667,0.019724400000000003
36.3,0.008744600000000002
36.333333,-0.0023642000000000003
36.366667,-0.012240599999999999
36.4,-0.020111000000000004
36.433333,-0.0261226
36.466667,-0.031318599999999995
36.5,-0.03726360000000001
36.533333,-0.0453056
36.566667,-0.05559500000000001
36.6,-0.06633619999999998
36.633333,-0.07377940000000001
36.666667,-0.07314259999999999
36.7,-0.060188
36.733333,-0.0330182
36.766667,0.006499600000000001
36.8,0.052382000000000005
36.833333,0.09565219999999999
36.866667,0.1266622
36.9,0.1377766
36.933333,0.12557200000000002
36.966667,0.091936
37.0,0.04363
37.033333,-0.0096892
37.066667,-0.05825380000000001
37.1,-0.09464020000000001
37.133333,-0.1150084
37.166667,-0.11890460000000001
37.2,-0.1079946
37.233333,-0.0845472
37.266667,-0.0505904
37.3,-0.0081976
37.333333,0.0394658
37.366667,0.08720220000000001
37.4,0.12768200000000002
37.433333,0.1524868
37.466667,0.1542328
37.5,0.129297
37.533333,0.08008340000000001
37.566667,0.0156674
37.6,-0.0497088
37.633333,-0.0999474
37.666667,-0.12129880000000001
37.7,-0.10635220000000001
37.733333,-0.0567088
37.766667,0.016557600000000002
37.8,0.0949758
37.833333,0.15694840000000002
37.866667,0.18318
37.9,0.1617588
37.933333,0.0913098
37.966667,-0.0186334
38.0,-0.14981700000000003
38.033333,-0.2792026
38.066667,-0.38383220000000007
38.1,-0.4457478000000001
38.133333,-0.455635
38.166667,-0.4138326
38.2,-0.3282046
38.233333,-0.20981380000000002
38.266667,-0.06847500000000001
38.3,0.08931480000000001
38.333333,0.25843879999999997
38.366667,0.4297814
38.4,0.5848502000000001
38.433333,0.6951596000000001
38.466667,0.7292078000000001
38.5,0.6651804000000001
38.533333,0.5030328000000001
38.566667,0.26880840000000006
38.6,0.008158
38.633333,-0.2278296
38.666667,-0.39770880000000003
38.7,-0.47984800000000005
38.733333,-0.4752386
38.766667,-0.4035488000000001
38.8,-0.2947676
38.833333,-0.17963080000000003
38.866667,-0.0819212
38.9,-0.014602400000000001
38.933333,0.020072600000000003
38.966667,0.027708800000000002
39.0,0.0178316
39.033333,0.00025700000000000007
39.066667,-0.0173142
39.1,-0.030149399999999996
39.133333,-0.03613560000000001
39.166667,-0.0349044
39.2,-0.026985200000000004
39.233333,-0.0132726
39.266667,0.0050862
39.3,0.026474400000000002
39.333333,0.048631400000000005
39.366667,0.0688344
39.4,0.0843634
39.433333,0.09293639999999999
39.466667,0.0929808
39.5,0.08385159999999998
39.533333,0.066056
39.566667,0.041422400000000005
39.6,0.0130836
39.633333,-0.014776800000000001
39.666667,-0.037519800000000006
39.7,-0.0509872
39.733333,-0.052527
39.766667,-0.041746200000000004
39.8,-0.020735
39.833333,0.0063272
39.866667,0.034097600000000006
39.9,0.057253000000000005
39.933333,0.0715082
39.966667,0.0741892
40.0,0.06441220000000002
40.033333,0.04308920000000001
40.066667,0.012810400000000001
40.1,-0.0224276
40.133333,-0.05763660000000001
40.166667,-0.0874084
40.2,-0.1067282
40.233333,-0.11198739999999999
40.266667,-0.10187520000000001
40.3,-0.077784
40.333333,-0.04362360000000001
40.366667,-0.005129399999999999
40.4,0.031243600000000003
40.433333,0.0597006
40.466667,0.07637780000000001
40.5,0.0800962
40.533333,0.072384
40.566667,0.056798600000000005
40.6,0.0377068
40.633333,0.0188928
40.666667,0.0025816000000000003
40.7,-0.010686800000000002
40.733333,-0.0214428
40.766667,-0.0304126
40.8,-0.037800200000000006
40.833333,-0.0429272
40.866667,-0.044397400000000004
40.9,-0.040741200000000005
40.933333,-0.031224599999999998
40.966667,-0.0164158
41.0,0.0016564000000000004
41.033333,0.019730200000000003
41.066667,0.0339396
41.1,0.0408136
41.133333,0.0383524
41.166667,0.026682
41.2,0.008024600000000002
41.233333,-0.013950800000000001
41.266667,-0.0351154
41.3,-0.051824800000000004
41.333333,-0.061476600000000006
41.366667,-0.06253120000000001
41.4,-0.054266600000000005
41.433333,-0.036663799999999996
41.466667,-0.010568400000000002
41.5,0.0219778
41.533333,0.0575026
41.566667,0.09118020000000002
41.6,0.11743760000000002
41.633333,0.131047
41.666667,0.12838239999999998
41.7,0.10839860000000001
41.733333,0.0731148
41.766667,0.0275172
41.8,-0.0211378
41.833333,-0.06450380000000001
41.866667,-0.09448020000000001
41.9,-0.104492
41.933333,-0.09081800000000001
41.966667,-0.053986599999999996
42.0,0.00021660000000000003
42.033333,0.06088060000000001
42.066667,0.11368500000000001
42.1,0.1440068
42.133333,0.14066140000000002
42.166667,0.0991062
42.2,0.0228894
42.233333,-0.07722720000000001
42.266667,-0.18586260000000004
42.3,-0.286168
42.333333,-0.36276700000000006
42.366667,-0.4042414000000001
42.4,-0.40479460000000006
42.433333,-0.36449960000000003
42.466667,-0.2878106
42.5,-0.180873
42.533333,-0.0490056
42.566667,0.10389459999999999
42.6,0.27279180000000003
42.633333,0.4464728
42.666667,0.6032078000000001
42.7,0.7114838
42.733333,0.7382178
42.766667,0.6621814
42.8,0.4859820000000001
42.833333,0.23939720000000003
42.866667,-0.0285616
42.9,-0.2650732
42.933333,-0.42910560000000003
42.966667,-0.501257
43.0,-0.48568920000000004
43.033333,-0.40516260000000004
43.066667,-0.291811
43.1,-0.17701660000000002
43.133333,-0.08356640000000001
43.166667,-0.022064200000000003
43.2,0.008311200000000001
43.233333,0.0160736
43.266667,0.0125862
43.3,0.007722200000000001
43.333333,0.007224800000000001
43.366667,0.012209000000000001
43.4,0.0203448
43.433333,0.027764999999999998
43.466667,0.0308958
43.5,0.027774000000000004
43.533333,0.018598
43.566667,0.005428199999999999
43.6,-0.008647200000000002
43.633333,-0.020368
43.666667,-0.026875
43.7,-0.0260364
43.733333,-0.0166442
43.766667,0.0014208
43.8,0.026966800000000003
43.833333,0.0572186
43.866667,0.0877542
43.9,0.11297240000000001
43.933333,0.1271546
43.966667,0.1258778
44.0,0.10739
44.033333,0.0735368
44.066667,0.029778600000000002
44.1,-0.015936200000000005
44.133333,-0.05512160000000001
44.166667,-0.08088540000000001
44.2,-0.08961759999999999
44.233333,-0.08178220000000001
44.266667,-0.061545800000000005
44.3,-0.0353494
44.333333,-0.010044200000000001
44.366667,0.008672399999999999
44.4,0.0172094
44.433333,0.014491
44.466667,0.0019576000000000003
44.5,-0.016807
44.533333,-0.036731
44.566667,-0.052152
44.6,-0.057989000000000006
44.633333,-0.0511338
44.666667,-0.031589000000000006
44.7,-0.0027850000000000006
44.733333,0.029145200000000003
44.766667,0.05688180000000001
44.8,0.073801
44.833333,0.07575380000000001
44.866667,0.0621934
44.9,0.0362636
44.933333,0.003857
44.966667,-0.027965200000000003
45.0,-0.05273960000000001
45.033333,-0.0661074
45.066667,-0.06666300000000001
45.1,-0.0558924
45.133333,-0.0373364
45.166667,-0.015381400000000002
45.2,0.005902800000000001
45.233333,0.0235694
45.266667,0.0360572
45.3,0.0429348
45.333333,0.0444748
45.366667,0.04137540000000001
45.4,0.034679400000000006
45.433333,0.0256968
45.466667,0.015886400000000002
45.5,0.0066798
45.533333,-0.0007904
45.566667,-0.006051600000000001
45.6,-0.009478
45.633333,-0.012058600000000001
45.666667,-0.0148574
45.7,-0.0184936
45.733333,-0.0228268
45.766667,-0.026904800000000003
45.8,-0.029259000000000004
45.833333,-0.028576
45.866667,-0.024422800000000005
45.9,-0.017565
45.933333,-0.0096918
45.966667,-0.0026862
46.0,0.0023264
46.033333,0.005848800000000001
46.066667,0.010357400000000001
46.1,0.0197166
46.133333,0.0377172
46.166667,0.06620680000000001
46.2,0.1033612
46.233333,0.14276740000000002
46.266667,0.17411460000000004
46.3,0.18589080000000002
46.333333,0.16930940000000005
46.366667,0.12168240000000001
46.4,0.0475366
46.433333,-0.043032600000000004
46.466667,-0.1379074
46.5,-0.22654019999999997
46.533333,-0.30171820000000005
46.566667,-0.3588718
46.6,-0.3940998
46.633333,-0.4028916
46.666667,-0.38062540000000006
46.7,-0.32437400000000005
46.733333,-0.23461980000000002
46.766667,-0.1157428
46.8,0.0248998
46.833333,0.1782942
46.866667,0.33396060000000005
46.9,0.4783122000000001
46.933333,0.5926592
46.966667,0.6539562000000001
47.0,0.6405698000000001
47.033333,0.5418288
47.066667,0.3663978
47.1,0.1438618
47.133333,-0.08257500000000001
47.166667,-0.26916640000000003
47.2,-0.3845104
47.233333,-0.41735120000000003
47.266667,-0.37741860000000005
47.3,-0.2900692
47.333333,-0.18702780000000002
47.366667,-0.0964782
47.4,-0.0358124
47.433333,-0.0091088
47.466667,-0.009333600000000001
47.5,-0.0234922
47.533333,-0.0384082
47.566667,-0.0451258
47.6,-0.040765800000000005
47.633333,-0.027772599999999998
47.666667,-0.011511200000000001
47.7,0.0024472
47.733333,0.0103552
47.766667,0.011211600000000002
47.8,0.0066128
47.833333,-0.00014039999999999997
47.866667,-0.005159
47.9,-0.0049566
47.933333,0.0027774
47.966667,0.018570600000000003
48.0,0.040829800000000006
48.033333,0.06594220000000002
48.066667,0.08884940000000001
48.1,0.1040266
48.133333,0.10681739999999999
48.166667,0.09489020000000001
48.2,0.06921719999999999
48.233333,0.0340356
48.266667,-0.0042304000000000005
48.3,-0.038559
48.333333,-0.0628826
48.366667,-0.07325580000000001
48.4,-0.0684598
48.433333,-0.050029399999999995
48.466667,-0.021871600000000005
48.5,0.010384600000000003
48.533333,0.04033060000000001
48.566667,0.0620122
48.6,0.07110079999999999
48.633333,0.0656304
48.666667,0.04619940000000001
48.7,0.0158296
48.733333,-0.020523
48.766667,-0.0568212
48.8,-0.08702240000000001
48.833333,-0.106045
48.866667,-0.11053640000000002
48.9,-0.0994662
48.933333,-0.07441679999999999
48.966667,-0.039364
49.0,4.399999999999996e-05
49.033333,0.03744440000000001
49.066667,0.06683040000000001
49.1,0.083691
49.133333,0.08602080000000001
49.166667,0.07477240000000002
49.2,0.0534948
49.233333,0.027268999999999998
49.266667,0.0013104000000000002
49.3,-0.0202904
49.333333,-0.035227
49.366667,-0.042881
49.4,-0.043721
49.433333,-0.0386958
49.466667,-0.0289188
49.5,-0.0156754
49.533333,-0.0006224000000000001
49.566667,0.014052200000000003
49.6,0.025785200000000005
49.633333,0.0322268
49.666667,0.03198000000000001
49.7,0.025075
49.733333,0.0129982
49.766667,-0.0016133999999999999
49.8,-0.015505999999999999
49.833333,-0.025504200000000005
49.866667,-0.029233799999999997
49.9,-0.0256674
49.933333,-0.0153932
49.966667,-0.0005362
50.0,0.0157368
50.033333,0.0300962
50.066667,0.039963200000000004
50.1,0.044042000000000005
50.133333,0.0423158
50.166667,0.0355858
50.2,0.024775600000000002
50.233333,0.010346800000000001
50.266667,-0.0076733999999999995
50.3,-0.0288302
50.333333,-0.051019800000000004
50.366667,-0.06976660000000001
50.4,-0.0785942
50.433333,-0.0705436
50.466667,-0.04054660000000001
50.5,0.011943800000000001
50.533333,0.0810356
50.566667,0.1542068
50.6,0.2143766
50.633333,0.2439188
50.666667,0.22953579999999998
50.7,0.16643860000000002
50.733333,0.0602744
50.766667,-0.07391460000000001
50.8,-0.21512640000000002
50.833333,-0.34090299999999996
50.866667,-0.43181200000000003
50.9,-0.4751466
50.933333,-0.4670018
50.966667,-0.411914
51.0,-0.31998740000000003
51.033333,-0.2025186
51.066667,-0.06800260000000001
51.1,0.07938500000000001
51.133333,0.23743460000000002
51.166667,0.40021120000000004
51.2,0.5521518
51.233333,0.6665874
51.266667,0.7118906
51.3,0.6640139999999999
51.333333,0.5192934
51.366667,0.29998800000000003
51.4,0.04892040000000001
51.433333,-0.18402900000000003
51.466667,-0.35693620000000004
51.5,-0.4464532
51.533333,-0.451419
51.566667,-0.38971540000000005
51.6,-0.2903626
51.633333,-0.1838564
51.666667,-0.09397059999999999
51.7,-0.033318600000000004
51.733333,-0.003245
51.766667,0.0030066000000000003
51.8,-0.004367800000000001
51.833333,-0.0160112
51.866667,-0.025912000000000004
51.9,-0.0316982
51.933333,-0.0333974
51.966667,-0.031806400000000006
52.0,-0.027285399999999998
52.033333,-0.0192924
52.066667,-0.0066908
52.1,0.011358800000000002
52.133333,0.034424199999999995
52.166667,0.06030019999999999
52.2,0.0851828
52.233333,0.10437300000000001
52.266667,0.11336120000000001
52.3,0.10910879999999999
52.333333,0.0911174
52.366667,0.061774800000000005
52.4,0.0258378
52.433333,-0.010630200000000001
52.466667,-0.0414678
52.5,-0.0614962
52.533333,-0.0673474
52.566667,-0.0579802
52.6,-0.03495380000000001
52.633333,-0.0024402
52.666667,0.033207200000000006
52.7,0.06451
52.733333,0.0844106
52.766667,0.0878922
52.8,0.07329440000000001
52.833333,0.0429706
52.866667,0.0029372
52.9,-0.0386002
52.933333,-0.0734148
52.966667,-0.0953608
53.0,-0.1017858
53.033333,-0.09390160000000002
53.066667,-0.07601360000000001
53.1,-0.053831000000000004
53.133333,-0.03252420000000001
53.166667,-0.015276800000000002
53.2,-0.0027348000000000003
53.233333,0.006656200000000001
53.266667,0.015605
53.3,0.026520600000000002
53.333333,0.0401692
53.366667,0.055042600000000004
53.4,0.0677402
53.433333,0.07425459999999999
53.466667,0.071689
53.5,0.0596996
53.533333,0.04097860000000001
53.566667,0.020469
53.6,0.0036062
53.633333,-0.005731600000000001
53.666667,-0.006868599999999999
53.7,-0.0029346
53.733333,2.899999999999999e-05
53.766667,-0.004656400000000001
53.8,-0.021500400000000003
53.833333,-0.05068280000000001
53.866667,-0.08737900000000001
53.9,-0.12280620000000002
53.933333,-0.146741
53.966667,-0.150736
54.0,-0.1309448
54.033333,-0.08955280000000002
54.066667,-0.03437200000000001
54.1,0.023234200000000003
54.133333,0.07153820000000001
54.166667,0.1019024
54.2,0.1114166
54.233333,0.1036726
54.266667,0.0872406
54.3,0.0723124
54.333333,0.0668558
54.366667,0.0738418
54.4,0.0905354
54.433333,0.10973880000000003
54.466667,0.1221108
54.5,0.11877660000000001
54.533333,0.09391840000000001
54.566667,0.047013599999999996
54.6,-0.016029000000000005
54.633333,-0.0835604
54.666667,-0.1407034
54.7,-0.1730248
54.733333,-0.1704646
54.766667,-0.13050280000000003
54.8,-0.05957780000000001
54.833333,0.0277712
54.866667,0.1118146
54.9,0.1718694
54.933333,0.19099640000000004
54.966667,0.1601528
55.0,0.0806144
55.033333,-0.0360842
55.066667,-0.1705062
55.1,-0.2991344
55.133333,-0.399016
55.166667,-0.45254279999999997
55.2,-0.4511183999999999
55.233333,-0.3961868
55.266667,-0.29705580000000004
55.3,-0.1664482
55.333333,-0.015931999999999998
55.366667,0.14630859999999998
55.4,0.3137488
55.433333,0.47642260000000003
55.466667,0.6158484
55.5,0.704732
55.533333,0.7141344000000001
55.566667,0.6260538000000001
55.6,0.4449466
55.633333,0.20112860000000002
55.666667,-0.05677800000000001
55.7,-0.27699640000000003
55.733333,-0.42032520000000007
55.766667,-0.47037500000000004
55.8,-0.43569140000000006
55.833333,-0.34422480000000005
55.866667,-0.23264900000000002
55.9,-0.1343098
55.933333,-0.0699264
55.966667,-0.0439118
56.0,-0.04665020000000001
56.033333,-0.0608102
56.066667,-0.0688986
56.1,-0.059463
56.133333,-0.0301448
56.166667,0.0129458
56.2,0.058661
56.233333,0.09527780000000001
56.266667,0.11433240000000001
56.3,0.1127812
56.333333,0.09309600000000001
56.366667,0.061594
56.4,0.0259766
56.433333,-0.0068404
56.466667,-0.0320294
56.5,-0.047295800000000006
56.533333,-0.052667000000000005
56.566667,-0.04981340000000001
56.6,-0.041197000000000004
56.633333,-0.029294000000000004
56.666667,-0.015967000000000002
56.7,-0.0019936000000000003
56.733333,0.013085199999999998
56.766667,0.0305678
56.8,0.05162140000000001
56.833333,0.07607380000000001
56.866667,0.1014656
56.9,0.1229072
56.933333,0.1340624
56.966667,0.12913840000000001
57.0,0.105127
57.033333,0.06333580000000001
57.066667,0.0095908
57.1,-0.046955000000000004
57.133333,-0.096105
57.166667,-0.12929680000000002
57.2,-0.14177559999999997
57.233333,-0.13353440000000003
57.266667,-0.1089044
57.3,-0.0750978
57.333333,-0.0401662
57.366667,-0.0109966
57.4,0.0079826
57.433333,0.0150108
57.466667,0.0104484
57.5,-0.003889
57.533333,-0.025089200000000002
57.566667,-0.0490934
57.6,-0.07030660000000001
57.633333,-0.0813082
57.666667,-0.07364820000000001
57.7,-0.0404648
57.733333,0.0196452
57.766667,0.09939700000000001
57.8,0.1823676
57.833333,0.24645720000000004
57.866667,0.2707442
57.9,0.243393
57.933333,0.16698340000000003
57.966667,0.05832300000000001
58.0,-0.05730060000000001
58.033333,-0.15442740000000005
58.066667,-0.2145054
58.1,-0.2295228
58.133333,-0.20206580000000005
58.166667,-0.14302360000000003
58.2,-0.0683736
58.233333,0.004067800000000001
58.266667,0.0578684
58.3,0.081401
58.333333,0.07103740000000001
58.366667,0.032795
58.4,-0.0188742
58.433333,-0.0653814
58.466667,-0.09008460000000001
58.5,-0.08394340000000002
58.533333,-0.0486012
58.566667,0.004235
58.6,0.05690360000000001
58.633333,0.0919584
58.666667,0.09831400000000001
58.7,0.07523520000000002
58.733333,0.0327116
58.766667,-0.012065200000000002
58.8,-0.0409426
58.833333,-0.0415314
58.866667,-0.011815800000000001
58.9,0.039318200000000005
58.933333,0.0960874
58.966667,0.1425642
59.0,0.1687498
59.033333,0.17284439999999998
59.066667,0.15913560000000002
59.1,0.13357139999999998
59.133333,0.0999614
59.166667,0.0586802
59.2,0.0079236
59.233333,-0.053834
59.266667,-0.12585960000000002
59.3,-0.2044572
59.333333,-0.28318180000000004
59.366667,-0.3533926
59.4,-0.4051832
59.433333,-0.42903300000000005
59.466667,-0.41792320000000005
59.5,-0.3690268
59.533333,-0.28406480000000006
59.566667,-0.16819880000000004
59.6,-0.028208000000000004
59.633333,0.12869560000000002
59.666667,0.29417380000000004
59.7,0.4561512
59.733333,0.596154
59.766667,0.6896644000000001
59.8,0.711585
59.833333,0.6457554000000001
59.866667,0.49407140000000005
59.9,0.27971100000000004
59.933333,0.0417066
59.966667,-0.1769164
60.0,-0.34178559999999997
60.033333,-0.43533720000000004
60.066667,-0.4582236
60.1,-0.4248594
60.133333,-0.3559068000000001
60.166667,-0.2710896
60.2,-0.1848876
60.233333,-0.10580900000000001
60.266667,-0.038118200000000005
60.3,0.0158438
60.333333,0.054223400000000005
60.366667,0.07561440000000001
60.4,0.08007779999999999
60.433333,0.07029040000000002
60.466667,0.0517982
60.5,0.031893
60.533333,0.017503
60.566667,0.012982
60.6,0.01859
60.633333,0.030277199999999997
60.666667,0.04109
60.7,0.043884
60.733333,0.034225
60.766667,0.012208200000000002
60.8,-0.0174006
60.833333,-0.0465078
60.866667,-0.0660242
60.9,-0.0685038
60.933333,-0.0503318
60.966667,-0.012794400000000001
61.0,0.038104
61.033333,0.09284139999999999
61.066667,0.14032460000000002
61.1,0.1702498
61.133333,0.1753398
61.166667,0.15284740000000002
61.2,0.1050928
61.233333,0.0390164
61.266667,-0.035236
61.3,-0.10656140000000001
61.333333,-0.1653222
61.366667,-0.2050398
61.4,-0.2228352
61.433333,-0.2187464
61.466667,-0.19448660000000004
61.5,-0.15234880000000003
61.533333,-0.094823
61.566667,-0.025115600000000005
61.6,0.0517898
61.633333,0.1283002
61.666667,0.19438940000000002
61.7,0.23920560000000005
61.733333,0.2538294
61.766667,0.2342168
61.8,0.1830462
61.833333,0.10962760000000002
61.866667,0.0278314
61.9,-0.0472862
61.933333,-0.10314759999999999
61.966667,-0.13246679999999997
62.0,-0.13437979999999997
62.033333,-0.1137396
62.066667,-0.07916640000000001
62.1,-0.0406424
62.133333,-0.007226799999999999
62.166667,0.0146748
62.2,0.022124
62.233333,0.0154642
62.266667,-0.0024772
62.3,-0.0272982
62.333333,-0.0539024
62.366667,-0.07734420000000002
62.4,-0.09352560000000001
62.433333,-0.09960220000000002
62.466667,-0.09414199999999999
62.5,-0.0771956
62.533333,-0.05024820000000001
62.566667,-0.015935599999999998
62.6,0.0224062
62.633333,0.06113760000000001
62.666667,0.09653460000000001
62.7,0.1249126
62.733333,0.1428432
62.766667,0.14761020000000002
62.8,0.1379406
62.833333,0.11476640000000002
62.866667,0.0815332
62.9,0.043707800000000005
62.933333,0.007559
62.966667,-0.0214034
63.0,-0.039907200000000004
63.033333,-0.0478236
63.066667,-0.047994400000000007
63.1,-0.0448728
63.133333,-0.042545400000000004
63.166667,-0.043035000000000004
63.2,-0.0454702
63.233333,-0.0463314
63.266667,-0.0407124
63.3,-0.024342600000000002
63.333333,0.004265
63.366667,0.04234120000000001
63.4,0.08265499999999999
63.433333,0.1147352
63.466667,0.1272846
63.5,0.11116640000000001
63.533333,0.06214440000000001
63.566667,-0.017348
63.6,-0.1177118
63.633333,-0.22325419999999999
63.666667,-0.3151462
63.7,-0.3760008
63.733333,-0.3945104
63.766667,-0.36793200000000004
63.8,-0.30109420000000003
63.833333,-0.20247400000000002
63.866667,-0.0796104
63.9,0.0631376
63.933333,0.2224342
63.966667,0.3900408
64.0,0.547021
64.033333,0.6632864
64.066667,0.7052620000000001
64.1,0.6493518
64.133333,0.4944806
64.166667,0.2664778
64.2,0.011385600000000001
64.233333,-0.2190888
64.266667,-0.38310780000000005
64.3,-0.4592878000000001
64.333333,-0.4497444
64.366667,-0.37601959999999995
64.4,-0.27018060000000005
64.433333,-0.1644074
64.466667,-0.08245260000000001
64.5,-0.0352734
64.533333,-0.021246800000000003
64.566667,-0.029779200000000002
64.6,-0.046488400000000006
64.633333,-0.05821900000000001
64.666667,-0.056626800000000005
64.7,-0.03966820000000001
64.733333,-0.011015
64.766667,0.022090000000000002
64.8,0.0517
64.833333,0.0717854
64.866667,0.0797338
64.9,0.07640580000000001
64.933333,0.06506320000000002
64.966667,0.049823400000000004
65.0,0.0342632
65.033333,0.02062
65.066667,0.009850200000000002
65.1,0.002372
65.133333,-0.0011032000000000001
65.166667,0.0007024
65.2,0.0091572
65.233333,0.024785200000000004
65.266667,0.0463522
65.3,0.07044240000000002
65.333333,0.0918462
65.366667,0.10472759999999999
65.4,0.10414359999999999
65.433333,0.08737520000000001
65.466667,0.054833599999999996
65.5,0.010374000000000001
65.533333,-0.039248200000000004
65.566667,-0.0859538
65.6,-0.12254440000000001
65.633333,-0.144684
65.666667,-0.1518554
65.7,-0.1468882
65.733333,-0.13417379999999998
65.766667,-0.117282
65.8,-0.09709860000000001
65.833333,-0.071491
65.866667,-0.036756800000000006
65.9,0.0097522
65.933333,0.067001
65.966667,0.1288744
66.0,0.1848316
66.033333,0.22256240000000002
66.066667,0.23166520000000002
66.1,0.20698320000000003
66.133333,0.15056419999999998
66.166667,0.0716822
66.2,-0.015211200000000001
66.233333,-0.094144
66.266667,-0.15166220000000002
66.3,-0.17986960000000002
66.333333,-0.177654
66.366667,-0.1500726
66.4,-0.10630719999999999
66.433333,-0.0568678
66.466667,-0.010985800000000002
66.5,0.0250224
66.533333,0.0481812
66.566667,0.0583792
66.6,0.0574264
66.633333,0.047992599999999996
66.666667,0.0327854
66.7,0.014206400000000003
66.733333,-0.005602200000000001
66.766667,-0.024598000000000002
66.8,-0.0407188
66.833333,-0.05180339999999999
66.866667,-0.0556948
66.9,-0.05070740000000001
66.933333,-0.03637540000000001
66.966667,-0.014075400000000002
67.0,0.012861200000000001
67.033333,0.039783200000000005
67.066667,0.062021
67.1,0.0764278
67.133333,0.0824006
67.166667,0.08172800000000001
67.2,0.0773108
67.233333,0.0714526
67.266667,0.0645788
67.3,0.054983000000000004
67.333333,0.0397956
67.366667,0.0167734
67.4,-0.013959
67.433333,-0.0490138
67.466667,-0.0819532
67.5,-0.1044492
67.533333,-0.10823999999999999
67.566667,-0.087654
67.6,-0.042094
67.633333,0.022422
67.666667,0.0933672
67.7,0.153754
67.733333,0.1859356
67.766667,0.17635960000000003
67.8,0.11978339999999998
67.833333,0.021392200000000004
67.866667,-0.10387300000000001
67.9,-0.2345242
67.933333,-0.3474642
67.966667,-0.42343580000000003
68.0,-0.45121520000000004
68.033333,-0.428866
68.066667,-0.3615548
68.1,-0.257149
68.133333,-0.12209360000000001
68.166667,0.03982800000000001
68.2,0.2243868
68.233333,0.42052160000000005
68.266667,0.6045910000000001
68.3,0.7404322000000001
68.333333,0.7882475999999999
68.366667,0.7200876
68.4,0.5345262
68.433333,0.2620922
68.466667,-0.042227600000000004
68.5,-0.315881
68.533333,-0.5071408
68.566667,-0.5879602
68.6,-0.5581868
68.633333,-0.4416312
68.666667,-0.27665460000000003
68.7,-0.10485239999999998
68.733333,0.038809800000000005
68.766667,0.13228360000000003
68.8,0.1686386
68.833333,0.15471320000000002
68.866667,0.107073
68.9,0.0463336
68.933333,-0.008726200000000002
68.966667,-0.045698800000000005
69.0,-0.060652000000000005
69.033333,-0.05748020000000001
69.066667,-0.044984
69.1,-0.0328938
69.133333,-0.028378
69.166667,-0.034184599999999996
69.2,-0.04857380000000001
69.233333,-0.0664738
69.266667,-0.0811356
69.3,-0.085818
69.333333,-0.0753078
69.366667,-0.047208200000000006
69.4,-0.0029302
69.433333,0.0518926
69.466667,0.10805400000000003
69.5,0.1547572
69.533333,0.1825824
69.566667,0.1864202
69.6,0.1671454
69.633333,0.1311672
69.666667,0.08790300000000001
69.7,0.0462976
69.733333,0.012018800000000001
69.766667,-0.013548600000000001
69.8,-0.032424
69.833333,-0.0479346
69.866667,-0.062399400000000015
69.9,-0.0756822
69.933333,-0.0853852
69.966667,-0.0885138
70.0,-0.08340080000000001
70.033333,-0.0706576
70.066667,-0.0527754
70.1,-0.0329112
70.133333,-0.013673000000000001
70.166667,0.0034906
70.2,0.0180068
70.233333,0.029260000000000005
70.266667,0.0358112
70.3,0.0354718
70.333333,0.026295600000000002
70.366667,0.0078892
70.4,-0.017592600000000003
70.433333,-0.04525060000000001
70.466667,-0.0683384
70.5,-0.080138
70.533333,-0.07608960000000001
70.566667,-0.05523300000000001
70.6,-0.020463
70.633333,0.0223196
70.666667,0.0657626
70.7,0.1028128
70.733333,0.12802819999999998
70.766667,0.1380954
70.8,0.13173720000000003
70.833333,0.10951
70.866667,0.073733
70.9,0.0284216
70.933333,-0.0209552
70.966667,-0.06797700000000001
71.0,-0.10613040000000003
71.033333,-0.13002580000000002
71.066667,-0.1367022
71.1,-0.12652239999999998
71.133333,-0.1032948
71.166667,-0.0734622
71.2,-0.044356200000000005
71.233333,-0.0218332
71.266667,-0.0080614
71.3,-0.0004934
71.333333,0.0072592
71.366667,0.0227106
71.4,0.050864799999999995
71.433333,0.09117560000000002
71.466667,0.1365882
71.5,0.17525120000000002
71.533333,0.194254
71.566667,0.1839222
71.6,0.141204
71.633333,0.0711332
71.666667,-0.014082599999999999
71.7,-0.09801860000000001
71.733333,-0.16399319999999998
71.766667,-0.1988048
71.8,-0.19544240000000002
71.833333,-0.15439260000000002
71.866667,-0.08343339999999999
71.9,0.0039838
71.933333,0.0913272
71.966667,0.1618696
72.0,0.20128279999999998
72.033333,0.19963240000000004
72.066667,0.15283380000000002
72.1,0.06383700000000002
72.133333,-0.0564896
72.166667,-0.1896356
72.2,-0.3122188
72.233333,-0.4014342
72.266667,-0.4412428
72.3,-0.42619720000000005
72.333333,-0.36087400000000003
72.366667,-0.2553992
72.4,-0.1198364
72.433333,0.0388616
72.466667,0.21484240000000002
72.5,0.39710520000000005
72.533333,0.5635724
72.566667,0.6812456
72.6,0.7150832000000001
72.633333,0.6425586000000001
72.666667,0.46649999999999997
72.7,0.21887120000000004
72.733333,-0.04729660000000001
72.766667,-0.2743004
72.8,-0.41728860000000007
72.833333,-0.4563988
72.866667,-0.40028040000000004
72.9,-0.28096180000000004
72.933333,-0.14235060000000002
72.966667,-0.026360400000000003
73.0,0.03877660000000001
73.033333,0.0444872
73.066667,0.001092
73.1,-0.0682224
73.133333,-0.1358804
73.166667,-0.1780818
73.2,-0.1807012
73.233333,-0.141999
73.266667,-0.0720738
73.3,0.0105882
73.333333,0.0846842
73.366667,0.13240359999999998
73.4,0.14454
73.433333,0.12269020000000001
73.466667,0.0779428
73.5,0.0267824
73.533333,-0.014204999999999999
73.566667,-0.0330878
73.6,-0.025458200000000004
73.633333,0.005114199999999999
73.666667,0.04878060000000001
73.7,0.0925522
73.733333,0.124046
73.766667,0.13479839999999998
73.8,0.1220758
73.833333,0.08871200000000001
73.866667,0.0414184
73.9,-0.011480400000000002
73.933333,-0.062114800000000005
73.966667,-0.1044032
74.0,-0.1343086
74.033333,-0.14917180000000002
74.066667,-0.1469474
74.1,-0.12626120000000002
74.133333,-0.0874708
74.166667,-0.0340986
74.2,0.026352400000000005
74.233333,0.08303740000000001
74.266667,0.12423839999999998
74.3,0.1410874
74.333333,0.130937
74.366667,0.0985486
74.4,0.054369400000000005
74.433333,0.0107136
74.466667,-0.0224004
74.5,-0.0400562
74.533333,-0.042971600000000006
74.566667,-0.0360218
74.6,-0.025863800000000003
74.633333,-0.0187452
74.666667,-0.018891400000000003
74.7,-0.027491599999999998
74.733333,-0.0424396
74.766667,-0.05904920000000001
74.8,-0.071562
74.833333,-0.0749574
74.866667,-0.0665516
74.9,-0.046953800000000004
74.933333,-0.020011200000000003
74.966667,0.0084076
75.0,0.032432800000000005
75.033333,0.0482068
75.066667,0.05502440000000001
75.1,0.055137
75.133333,0.0523846
75.166667,0.05032400000000001
75.2,0.05069300000000001
75.233333,0.05278920000000001
75.266667,0.0539016
75.3,0.0505964
75.333333,0.04037280000000001
75.366667,0.0229944
75.4,0.0008378000000000001
75.433333,-0.021882000000000002
75.466667,-0.040533400000000004
75.5,-0.05153680000000001
75.533333,-0.0535148
75.566667,-0.047797
75.6,-0.0379962
75.633333,-0.0287034
75.666667,-0.0238572
75.7,-0.0253724
75.733333,-0.032331000000000006
75.766667,-0.04086580000000001
75.8,-0.045011
75.833333,-0.03863420000000001
75.866667,-0.017974200000000003
75.9,0.016194800000000002
75.933333,0.0578046
75.966667,0.09677480000000001
76.0,0.12224300000000002
76.033333,0.1266748
76.066667,0.1090488
76.1,0.0755638
76.133333,0.0375452
76.166667,0.007474
76.2,-0.0054012
76.233333,0.0014490000000000002
76.266667,0.0222328
76.3,0.04369680000000001
76.333333,0.0486364
76.366667,0.0216958
76.4,-0.0439268
76.433333,-0.14159280000000002
76.466667,-0.25126800000000005
76.5,-0.34554
76.533333,-0.39911500000000005
76.566667,-0.3971506
76.6,-0.3385668
76.633333,-0.2334104
76.666667,-0.09651560000000001
76.7,0.0583818
76.733333,0.22031040000000002
76.766667,0.3777686
76.8,0.5137168
76.833333,0.604108
76.866667,0.6230884000000001
76.9,0.5533776
76.933333,0.39636000000000005
76.966667,0.1759378
77.0,-0.0665226
77.033333,-0.2838444
77.066667,-0.4359732
77.1,-0.4994416000000001
77.133333,-0.47121040000000003
77.166667,-0.36697440000000003
77.2,-0.21536580000000002
77.233333,-0.0502378
77.266667,0.0967026
77.3,0.20131540000000003
77.333333,0.25005220000000006
77.366667,0.240913
77.4,0.18264320000000003
77.433333,0.092284
77.466667,-0.0087178
77.5,-0.0991886
77.533333,-0.1626784
77.566667,-0.1905138
77.6,-0.18264920000000004
77.633333,-0.1463644
77.666667,-0.09358780000000001
77.7,-0.037771400000000004
77.733333,0.009057399999999998
77.766667,0.038583799999999994
77.8,0.047396200000000006
77.833333,0.036958
77.866667,0.0127322
77.9,-0.0170108
77.933333,-0.042511400000000005
77.966667,-0.05411520000000001
78.0,-0.0442546
78.033333,-0.009607
78.066667,0.0471096
78.1,0.1165386
78.133333,0.18405000000000002
78.166667,0.23321940000000002
78.2,0.25051760000000006
78.233333,0.22955180000000003
78.266667,0.1732152
78.3,0.0928394
78.333333,0.0045346
78.366667,-0.075851
78.4,-0.1370688
78.433333,-0.17450600000000002
78.466667,-0.18970020000000004
78.5,-0.18813520000000003
78.533333,-0.17635520000000002
78.566667,-0.1593484
78.6,-0.1390048
78.633333,-0.1140912
78.666667,-0.08160160000000001
78.7,-0.0388946
78.733333,0.014148400000000002
78.766667,0.0736794
78.8,0.1318236
78.833333,0.1782418
78.866667,0.20290699999999998
78.9,0.1991876
78.933333,0.16620580000000001
78.966667,0.10962220000000002
79.0,0.04042720000000001
79.033333,-0.027981400000000007
79.066667,-0.0833496
79.1,-0.11742760000000001
79.133333,-0.12732279999999999
79.166667,-0.11533920000000002
79.2,-0.087802
79.233333,-0.05347119999999999
79.266667,-0.021921000000000003
79.3,-0.0018104000000000002
79.333333,0.0011956
79.366667,-0.013426200000000001
79.4,-0.039924400000000006
79.433333,-0.0672562
79.466667,-0.08234780000000001
79.5,-0.0746216
79.533333,-0.0400998
79.566667,0.016557799999999998
79.6,0.08302340000000001
79.633333,0.14297460000000003
79.666667,0.1809842
79.7,0.18686220000000003
79.733333,0.1582672
79.766667,0.1012072
79.8,0.028454599999999997
79.833333,-0.0437208
79.866667,-0.09965400000000002
79.9,-0.1280936
79.933333,-0.1247856
79.966667,-0.093276
80.0,-0.043745400000000004
80.033333,0.009846800000000001
80.066667,0.053437399999999996
80.1,0.07631600000000001
80.133333,0.07354420000000002
80.166667,0.04693460000000001
80.2,0.004419800000000001
80.233333,-0.0419896
80.266667,-0.0790666
80.3,-0.09531160000000001
80.333333,-0.08351360000000001
80.366667,-0.04259600000000001
80.4,0.0215894
80.433333,0.09686
80.466667,0.16676120000000003
80.5,0.21381100000000003
80.533333,0.2233796
80.566667,0.18734800000000001
80.6,0.10644640000000001
80.633333,-0.0094818
80.666667,-0.143294
80.7,-0.27393700000000004
80.733333,-0.3808408
80.766667,-0.4484260000000001
80.8,-0.46924679999999996
80.833333,-0.44423080000000004
80.866667,-0.3796548
80.9,-0.2822338
80.933333,-0.15506560000000003
80.966667,0.0027008
81.0,0.191046
81.033333,0.40078379999999997
81.066667,0.6067406000000001
81.1,0.7682964
81.133333,0.8400607999999999
81.166667,0.7894818
81.2,0.6129516
81.233333,0.3414954
81.266667,0.032388600000000003
81.3,-0.2492988
81.333333,-0.4505682000000001
81.366667,-0.5440582
81.4,-0.5318162
81.433333,-0.43991539999999996
81.466667,-0.3071414
81.5,-0.17217380000000002
81.533333,-0.0635176
81.566667,0.005155000000000001
81.6,0.0340498
81.633333,0.0324884
81.666667,0.012947199999999999
81.7,-0.013821600000000002
81.733333,-0.041162800000000006
81.766667,-0.06616480000000001
81.8,-0.0875474
81.833333,-0.10333700000000001
81.866667,-0.10962580000000001
81.9,-0.101011
81.933333,-0.0725322
81.966667,-0.022291200000000004
82.0,0.0464168
82.033333,0.124498
82.066667,0.19839920000000005
82.1,0.2531722
82.133333,0.2764766
82.166667,0.2622858
82.2,0.21283100000000002
82.233333,0.1379292
82.266667,0.0520372
82.3,-0.029691600000000002
82.333333,-0.0949938
82.366667,-0.1367728
82.4,-0.15361799999999998
82.433333,-0.1487738
82.466667,-0.1283336
82.5,-0.0994622
82.533333,-0.0689694
82.566667,-0.042188
82.6,-0.022164800000000002
82.633333,-0.009363400000000001
82.666667,-0.0019616
82.7,0.0033428
82.733333,0.010205600000000002
82.766667,0.021405800000000003
82.8,0.0377912
82.833333,0.05771720000000001
82.866667,0.0771574
82.9,0.09059880000000001
82.933333,0.09263840000000001
82.966667,0.0798648
83.0,0.05225620000000001
83.033333,0.013492800000000001
83.066667,-0.029832600000000004
83.1,-0.0697064
83.133333,-0.0984884
83.166667,-0.11064500000000001
83.2,-0.10400560000000002
83.233333,-0.0802096
83.266667,-0.044327200000000004
83.3,-0.0038548000000000002
83.333333,0.032764
83.366667,0.05789980000000001
83.4,0.06640980000000002
83.433333,0.05680760000000001
83.466667,0.031709799999999996
83.5,-0.0024916
83.533333,-0.0368198
83.566667,-0.061761
83.6,-0.06974340000000001
83.633333,-0.05732860000000001
83.666667,-0.026407800000000002
83.7,0.0160332
83.733333,0.0596612
83.766667,0.0936044
83.8,0.109415
83.833333,0.1031906
83.866667,0.07634179999999999
83.9,0.034944
83.933333,-0.012041
83.966667,-0.05519
84.0,-0.0869312
84.033333,-0.10309440000000002
84.066667,-0.1034066
84.1,-0.0909322
84.133333,-0.07061179999999999
84.166667,-0.047266400000000014
84.2,-0.0238222
84.233333,-0.0005454
84.266667,0.02433
84.3,0.052839399999999995
84.333333,0.08513820000000001
84.366667,0.117972
84.4,0.1447074
84.433333,0.1571804
84.466667,0.14874140000000002
84.5,0.11726879999999999
84.533333,0.066996
84.566667,0.008319000000000002
84.6,-0.04473920000000001
84.633333,-0.0788428
84.666667,-0.0859176
84.7,-0.066209
84.733333,-0.028687800000000003
84.766667,0.011362200000000003
84.8,0.036856400000000004
84.833333,0.0341202
84.866667,-0.0029631999999999996
84.9,-0.07117459999999999
84.933333,-0.1587746
84.966667,-0.24833180000000002
85.0,-0.3209052
85.033333,-0.3607816
85.066667,-0.3594616
85.1,-0.31725960000000003
85.133333,-0.2415686
85.166667,-0.142364
85.2,-0.0271164
85.233333,0.10185740000000001
85.266667,0.24520579999999997
85.3,0.3997422
85.333333,0.5508618000000001
85.366667,0.670032
85.4,0.7213404
85.433333,0.6757364000000001
85.466667,0.5260096
85.5,0.29398979999999997
85.533333,0.0255156
85.566667,-0.22423980000000002
85.6,-0.40789440000000005
85.633333,-0.4985762000000001
85.666667,-0.4948136000000001
85.7,-0.41748
85.733333,-0.3008886
85.766667,-0.1814902
85.8,-0.08794300000000001
85.833333,-0.03528200000000001
85.866667,-0.023938
85.9,-0.0426198
85.933333,-0.073441
85.966667,-0.0977414
86.0,-0.10123140000000001
86.033333,-0.07741540000000002
86.066667,-0.028739999999999998
86.1,0.034568800000000004
86.133333,0.0977004
86.166667,0.1457038
86.2,0.1678588
86.233333,0.16050080000000003
86.266667,0.1275268
86.3,0.078769
86.333333,0.026972200000000005
86.366667,-0.0156694
86.4,-0.0404924
86.433333,-0.044152
86.466667,-0.0289618
86.5,-0.0018652000000000002
86.533333,0.027739
86.566667,0.05084580000000001
86.6,0.06145260000000001
86.633333,0.05798960000000001
86.666667,0.04316520000000001
86.7,0.0225168
86.733333,0.0022928
86.766667,-0.0125806
86.8,-0.019723600000000004
86.833333,-0.019398800000000004
86.866667,-0.013764
86.9,-0.0059036
86.933333,0.001051
86.966667,0.0046442
87.0,0.0035922000000000007
87.033333,-0.0021330000000000003
87.066667,-0.0115706
87.1,-0.023169400000000003
87.133333,-0.03514120000000001
87.166667,-0.045783000000000004
87.2,-0.05378320000000001
87.233333,-0.0584626
87.266667,-0.059933200000000006
87.3,-0.059079400000000004
87.333333,-0.0571724
87.366667,-0.055037199999999994
87.4,-0.05208740000000001
87.433333,-0.0458154
87.466667,-0.0322124
87.5,-0.007186000000000001
87.533333,0.031361599999999996
87.566667,0.0815478
87.6,0.1365494
87.633333,0.18535600000000002
87.666667,0.21530680000000002
87.7,0.2157852
87.733333,0.18196240000000002
87.766667,0.11713720000000001
87.8,0.0324686
87.833333,-0.05604720000000001
87.866667,-0.13210159999999999
87.9,-0.18328980000000003
87.933333,-0.20372520000000002
87.966667,-0.19459240000000003
88.0,-0.16284400000000002
88.033333,-0.1187042
88.066667,-0.07286119999999999
88.1,-0.034060400000000005
88.133333,-0.007414400000000001
88.166667,0.0063636
88.2,0.010556600000000001
88.233333,0.0108378
88.266667,0.013022400000000003
88.3,0.021096
88.333333,0.0361404
88.366667,0.0562932
88.4,0.07759160000000001
88.433333,0.095417
88.466667,0.10604300000000001
88.5,0.10763280000000001
88.533333,0.1002968
88.566667,0.085291
88.6,0.063921
88.633333,0.0369106
88.666667,0.0047276
88.7,-0.031329
88.733333,-0.0680022
88.766667,-0.0996118
88.8,-0.118645
88.833333,-0.1174996
88.866667,-0.09115260000000001
88.9,-0.03988920000000001
88.933333,0.0292516
88.966667,0.10328780000000003
89.0,0.1662008
89.033333,0.20279980000000003
89.066667,0.2021998
89.1,0.1600202
89.133333,0.079017
89.166667,-0.03149
89.2,-0.15676360000000003
89.233333,-0.2782516
89.266667,-0.3762518
89.3,-0.43391779999999996
89.333333,-0.441477
89.366667,-0.39857200000000004
89.4,-0.3132268
89.433333,-0.1976892
89.466667,-0.06323820000000001
89.5,0.08301900000000001
89.533333,0.23697040000000003
89.566667,0.3921296
89.6,0.5335524
89.633333,0.636155
89.666667,0.6705550000000001
89.7,0.6149236
89.733333,0.46698239999999996
89.766667,0.24932720000000003
89.8,0.0046308
89.833333,-0.2171918
89.866667,-0.37402740000000007
89.9,-0.4430216
89.933333,-0.4251414
89.966667,-0.34226840000000003
90.0,-0.2284658
90.033333,-0.11870280000000001
90.066667,-0.0389242
90.1,-0.00046439999999999996
90.133333,0.0001787999999999999
90.166667,-0.022863200000000004
90.2,-0.0514056
90.233333,-0.069728
90.266667,-0.0690098
90.3,-0.048702600000000006
90.333333,-0.0151116
90.366667,0.021755600000000003
90.4,0.0518128
90.433333,0.06789320000000001
90.466667,0.067349
90.5,0.05207880000000001
90.533333,0.027425400000000003
90.566667,0.0006686000000000001
90.6,-0.0204724
90.633333,-0.029284000000000004
90.666667,-0.021491000000000003
90.7,0.0034462000000000004
90.733333,0.0415928
90.766667,0.08486220000000001
90.8,0.12271800000000002
90.833333,0.1449668
90.866667,0.1447478
90.9,0.1206384
90.933333,0.07716479999999999
90.966667,0.0234738
91.0,-0.029478200000000003
91.033333,-0.07223720000000002
91.066667,-0.09934100000000001
91.1,-0.1101076
91.133333,-0.1077522
91.166667,-0.09748840000000002
91.2,-0.0843608
91.233333,-0.0715086
91.266667,-0.059437199999999996
91.3,-0.04650000000000001
91.333333,-0.030208000000000006
91.366667,-0.0087268
91.4,0.0179466
91.433333,0.0474732
91.466667,0.07558020000000001
91.5,0.0973012
91.533333,0.10849660000000001
91.566667,0.106967
91.6,0.09288980000000001
91.633333,0.06864959999999999
91.666667,0.038178800000000006
91.7,0.0059278
91.733333,-0.024224199999999998
91.766667,-0.0497588
91.8,-0.06987900000000001
91.833333,-0.08534520000000001
91.866667,-0.09764980000000001
91.9,-0.10758119999999999
91.933333,-0.11383380000000001
91.966667,-0.112602
92.0,-0.0986758
92.033333,-0.0678192
92.066667,-0.019556200000000003
92.1,0.040855999999999996
92.133333,0.10246920000000001
92.166667,0.15119860000000002
92.2,0.174147
92.233333,0.1640214
92.266667,0.1219538
92.3,0.0577076
92.333333,-0.0128954
92.366667,-0.0725336
92.4,-0.10741620000000002
92.433333,-0.111141
92.466667,-0.08624000000000001
92.5,-0.0430122
92.533333,0.0040428
92.566667,0.0410514
92.6,0.0590532
92.633333,0.056158000000000007
92.666667,0.03702780000000001
92.7,0.0103266
92.733333,-0.014658600000000003
92.766667,-0.0309492
92.8,-0.035451
92.833333,-0.028976399999999996
92.866667,-0.0152694
92.9,0.0002686
92.933333,0.011916000000000001
92.966667,0.015138399999999998
93.0,0.008197000000000001
93.033333,-0.0066236
93.066667,-0.0228092
93.1,-0.030938600000000004
93.133333,-0.021638000000000004
93.166667,0.010547800000000001
93.2,0.0638768
93.233333,0.1283162
93.266667,0.1873692
93.3,0.2223586
93.333333,0.21788180000000004
93.366667,0.16661320000000002
93.4,0.07172160000000001
93.433333,-0.05388980000000001
93.466667,-0.19080740000000002
93.5,-0.3174496
93.533333,-0.4144632000000001
93.566667,-0.468497
93.6,-0.4743766
93.633333,-0.434726
93.666667,-0.3569878
93.7,-0.24911660000000002
93.733333,-0.11611580000000002
93.766667,0.040347
93.8,0.21816999999999998
93.833333,0.4081026
93.866667,0.5880140000000001
93.9,0.7230866
93.933333,0.7746534
93.966667,0.7153710000000001
94.0,0.5435474000000001
94.033333,0.28848580000000007
94.066667,0.003191
94.1,-0.2522902
94.133333,-0.4292608
94.166667,-0.5034514
94.2,-0.4791946
94.233333,-0.3845774
94.266667,-0.2600102000000001
94.3,-0.1443956
94.333333,-0.0637302
94.366667,-0.025790800000000003
94.4,-0.021884800000000003
94.433333,-0.033831
94.466667,-0.0427512
94.5,-0.03621680000000001
94.533333,-0.0114862
94.566667,0.025522400000000004
94.6,0.06409319999999999
94.633333,0.09328720000000001
94.666667,0.1055148
94.7,0.09827340000000001
94.733333,0.0739736
94.766667,0.038411600000000004
94.8,-0.0011618
94.833333,-0.037569000000000005
94.866667,-0.0646618
94.9,-0.07794440000000001
94.933333,-0.0750154
94.966667,-0.055798
95.0,-0.0226002
95.033333,0.019962999999999998
95.066667,0.06535819999999999
95.1,0.10601700000000001
95.133333,0.1346044
95.166667,0.14530020000000002
95.2,0.1348686
95.233333,0.103387
95.266667,0.0544686
95.3,-0.0052004
95.333333,-0.0668988
95.366667,-0.12114000000000001
95.4,-0.15898
95.433333,-0.17335520000000001
95.466667,-0.1604018
95.5,-0.12054540000000001
95.533333,-0.05905900000000001
95.566667,0.014252599999999999
95.6,0.08652020000000002
95.633333,0.1443494
95.666667,0.176852
95.7,0.1782274
95.733333,0.14913820000000003
95.766667,0.09642640000000001
95.8,0.031191800000000002
95.833333,-0.034192200000000006
95.866667,-0.0890748
95.9,-0.1265458
95.933333,-0.1440812
95.966667,-0.142961
96.0,-0.12686139999999999
96.033333,-0.10019740000000002
96.066667,-0.066861
96.1,-0.029768000000000003
96.133333,0.008837600000000001
96.166667,0.04670540000000001
96.2,0.0809052
96.233333,0.10758140000000001
96.266667,0.12249920000000002
96.3,0.1223954
96.333333,0.10649560000000002
96.366667,0.07728080000000001
96.4,0.0400628
96.433333,0.001536
96.466667,-0.03214700000000001
96.5,-0.0570608
96.533333,-0.07222500000000001
96.566667,-0.07908440000000001
96.6,-0.080205
96.633333,-0.0779898
96.666667,-0.07385660000000001
96.7,-0.06791680000000001
96.733333,-0.059109
96.766667,-0.04578020000000001
96.8,-0.026525200000000002
96.833333,-0.0010004
96.866667,0.029478
96.9,0.061626200000000006
96.933333,0.090384
96.966667,0.109843
97.0,0.11482520000000002
97.033333,0.10262500000000001
97.066667,0.07431019999999999
97.1,0.0350544
97.133333,-0.0068354
97.166667,-0.0421114
97.2,-0.06332959999999999
97.233333,-0.06710580000000001
97.266667,-0.0549706
97.3,-0.032409
97.333333,-0.0063704
97.366667,0.017698600000000005
97.4,0.037829800000000004
97.433333,0.055451
97.466667,0.073368
97.5,0.0929252
97.533333,0.1117906
97.566667,0.12339739999999999
97.6,0.1184206
97.633333,0.08787080000000001
97.666667,0.026682400000000002
97.7,-0.0633962
97.733333,-0.1724414
97.766667,-0.28315959999999996
97.8,-0.3743464
97.833333,-0.42661499999999997
97.866667,-0.42836580000000013
97.9,-0.379162
97.933333,-0.28859300000000004
97.966667,-0.17102900000000001
98.0,-0.0389482
98.033333,0.10133800000000001
98.066667,0.2485976
98.1,0.40029020000000004
98.133333,0.544739
98.166667,0.6576894000000001
98.2,0.7072886
98.233333,0.6665644000000001
98.266667,0.5272562000000001
98.3,0.30705660000000007
98.333333,0.0457884
98.366667,-0.2074958
98.4,-0.4098534
98.433333,-0.5356132000000001
98.466667,-0.5799443999999999
98.5,-0.555025
98.533333,-0.4815454
98.566667,-0.3796052
98.6,-0.2628282
98.633333,-0.1376188
98.666667,-0.0068728
98.7,0.1245194
98.733333,0.24553500000000006
98.766667,0.33868300000000007
98.8,0.38434460000000004
98.833333,0.368411
98.866667,0.28970139999999994
98.9,0.16321960000000002
98.933333,0.017229599999999998
98.966667,-0.1149184
99.0,-0.20509380000000002
99.033333,-0.238856
99.066667,-0.21886460000000002
99.1,-0.16213580000000002
99.133333,-0.09269540000000001
99.166667,-0.032776200000000005
99.2,0.0042494
99.233333,0.0170304
99.266667,0.0146978
99.3,0.0115578
99.333333,0.0203784
99.366667,0.04692380000000001
99.4,0.08751740000000001
99.433333,0.13022820000000002
99.466667,0.15929540000000003
99.5,0.16126920000000003
99.533333,0.13028820000000002
99.566667,0.07016180000000001
99.6,-0.0072768
99.633333,-0.08615580000000002
99.666667,-0.1509076
99.7,-0.18958980000000003
99.733333,-0.1956368
99.766667,-0.1681972
99.8,-0.1116296
99.833333,-0.034705999999999994
99.866667,0.050365
99.9,0.1294014
99.933333,0.18845620000000002
99.966667,0.2166076
100.0,0.2086782
100.033333,0.1667674
100.066667,0.09957800000000001
100.1,0.019535600000000004
100.133333,-0.0608876
100.166667,-0.1317982
100.2,-0.18655760000000002
100.233333,-0.2208664
100.266667,-0.2312972
100.3,-0.2144712
100.333333,-0.1678254
100.366667,-0.0920138
100.4,0.006290400000000001
100.433333,0.1130732
100.466667,0.2085004
100.5,0.2713728
100.533333,0.2853152
100.566667,0.2445332
100.6,0.1566602
100.633333,0.0411512
100.666667,-0.0763394
100.7,-0.1713994
100.733333,-0.2273282
100.766667,-0.238507
100.8,-0.209854
100.833333,-0.15314840000000002
100.866667,-0.0823222
100.9,-0.009879600000000002
100.933333,0.054526599999999995
100.966667,0.10385140000000001
101.0,0.13302160000000002
101.033333,0.1390074
101.066667,0.12184820000000002
101.1,0.0858938
101.133333,0.040031000000000004
101.166667,-0.0038869999999999994
101.2,-0.034145
101.233333,-0.042771800000000006
101.266667,-0.0283522
101.3,0.003067
101.333333,0.03965080000000001
101.366667,0.06762639999999999
101.4,0.07584420000000001
101.433333,0.05927439999999999
101.466667,0.020428
101.5,-0.0314116
101.533333,-0.08270540000000001
101.566667,-0.119218
101.6,-0.12966500000000003
101.633333,-0.10860060000000002
101.666667,-0.05801960000000001
101.7,0.0126466
101.733333,0.08839520000000001
101.766667,0.15222560000000002
101.8,0.1894832
101.833333,0.1915466
101.866667,0.1576874
101.9,0.0945988
101.933333,0.013737000000000003
101.966667,-0.0724886
102.0,-0.15392879999999998
102.033333,-0.2238872
102.066667,-0.2782808
102.1,-0.3139236
102.133333,-0.327115
102.166667,-0.3131026
102.2,-0.26654880000000003
102.233333,-0.182976
102.266667,-0.06103020000000001
102.3,0.0946932
102.333333,0.27077460000000003
102.366667,0.44321620000000006
102.4,0.5787542
102.433333,0.6410212
102.466667,0.601339
102.5,0.45064860000000007
102.533333,0.20692739999999998
102.566667,-0.08633960000000002
102.6,-0.3705716
102.633333,-0.5870474
102.666667,-0.6910188
102.7,-0.6615446000000001
102.733333,-0.5057929999999999
102.766667,-0.257492
102.8,0.030430199999999998
102.833333,0.2979196
102.866667,0.49183899999999997
102.9,0.5781186
102.933333,0.5486441999999999
102.966667,0.42129859999999997
103.0,0.2335802
103.033333,0.031732
103.066667,-0.141599
103.1,-0.2576956
103.133333,-0.3070482
103.166667,-0.2982044
103.2,-0.2511726
103.233333,-0.18852300000000002
103.266667,-0.1279404
103.3,-0.0787284
103.333333,-0.0424868
103.366667,-0.0163684
103.4,0.003262
103.433333,0.018515
103.466667,0.029681200000000005
103.5,0.0363638
103.533333,0.0387112
103.566667,0.037768600000000006
103.6,0.0350006
103.633333,0.03174
103.666667,0.029145
103.7,0.028608
103.733333,0.032061
103.766667,0.041573799999999994
103.8,0.058115599999999996
103.833333,0.0800426
103.866667,0.1023352
103.9,0.1173482
103.933333,0.1170606
103.966667,0.09601740000000002
104.0,0.053777000000000005
104.033333,-0.004185
104.066667,-0.06760540000000001
104.1,-0.1241654
104.133333,-0.16270980000000002
104.166667,-0.175825
104.2,-0.16118880000000002
104.233333,-0.12166740000000001
104.266667,-0.0644222
104.3,0.0005641999999999999
104.333333,0.062156
104.366667,0.10975719999999999
104.4,0.13508200000000004
104.433333,0.1339208
104.466667,0.1073902
104.5,0.0619842
104.533333,0.008119600000000001
104.566667,-0.0425502
104.6,-0.0802632
104.633333,-0.09960700000000001
104.666667,-0.10029860000000002
104.7,-0.08607719999999999
104.733333,-0.062489
104.766667,-0.0347568
104.8,-0.006537200000000001
104.833333,0.020208800000000002
104.866667,0.04445040000000001
104.9,0.0649688
104.933333,0.07960640000000001
104.966667,0.085429
105.0,0.07970760000000002
105.033333,0.0611768
105.066667,0.031046
105.1,-0.0065694
105.133333,-0.0450114
105.166667,-0.07631439999999999
105.2,-0.093098
105.233333,-0.090698
105.266667,-0.0689614
105.3,-0.0330018
105.333333,0.0077242000000000005
105.366667,0.042080000000000006
105.4,0.060776000000000004
105.433333,0.059421600000000005
105.466667,0.0400556
105.5,0.010722
105.533333,-0.016873
105.566667,-0.0311016
105.6,-0.024463000000000002
105.633333,0.0034540000000000005
105.666667,0.045216000000000006
105.7,0.08741760000000001
105.733333,0.11477199999999999
105.766667,0.1152108
105.8,0.0842388
105.833333,0.0268754
105.866667,-0.043487000000000005
105.9,-0.1088134
105.933333,-0.15135800000000002
105.966667,-0.15827280000000002
106.0,-0.1247842
106.033333,-0.055563799999999997
106.066667,0.03562060000000001
106.1,0.127931
106.133333,0.19730200000000003
106.166667,0.22194680000000006
106.2,0.1884942
106.233333,0.09691580000000001
106.266667,-0.037802800000000004
106.3,-0.1885292
106.333333,-0.3231934
106.366667,-0.41410520000000006
106.4,-0.4457108
106.433333,-0.417431
106.466667,-0.3403778
106.5,-0.2296594
106.533333,-0.09637040000000001
106.566667,0.055957400000000004
106.6,0.22754340000000003
106.633333,0.4126836
106.666667,0.5904820000000001
106.7,0.7236662000000001
106.733333,0.7691716
106.766667,0.6967488000000001
106.8,0.5058678000000001
106.833333,0.2310466
106.866667,-0.068017
106.9,-0.3266336
106.933333,-0.49599019999999994
106.966667,-0.5563828000000001
107.0,-0.5192916
107.033333,-0.41932179999999997
107.066667,-0.2999414
107.1,-0.19830679999999998
107.133333,-0.1342762
107.166667,-0.10688500000000001
107.2,-0.0986912
107.233333,-0.08554660000000001
107.266667,-0.047716800000000004
107.3,0.0218202
107.333333,0.1146278
107.366667,0.2101458
107.4,0.2833998
107.433333,0.3139972
107.466667,0.29307060000000007
107.5,0.22580980000000003
107.533333,0.1290522
107.566667,0.0253782
107.6,-0.0637318
107.633333,-0.12342
107.666667,-0.14841620000000003
107.7,-0.143072
107.733333,-0.118692
107.766667,-0.08912280000000002
107.8,-0.06620580000000001
107.833333,-0.05656920000000001
107.866667,-0.060422199999999995
107.9,-0.0721606
107.933333,-0.08228460000000001
107.966667,-0.08015320000000002
108.0,-0.0571774
108.033333,-0.009920600000000002
108.066667,0.0576612
108.1,0.1338504
108.133333,0.20140319999999998
108.166667,0.24226400000000003
108.2,0.2434282
108.233333,0.2017814
108.266667,0.1257796
108.3,0.0329976
108.333333,-0.0556538
108.366667,-0.12260520000000001
108.4,-0.1584854
108.433333,-0.1635456
108.466667,-0.14577659999999998
108.5,-0.11697080000000001
108.533333,-0.08825140000000001
108.566667,-0.066484
108.6,-0.052636600000000006
108.633333,-0.042498
108.666667,-0.0292798
108.7,-0.0070550000000000005
108.733333,0.026189800000000006
108.766667,0.0669574
108.8,0.1067962
108.833333,0.1349922
108.866667,0.1424482
108.9,0.12521760000000004
108.933333,0.0862706
108.966667,0.0347164
109.0,-0.017305
109.033333,-0.058789600000000004
109.066667,-0.08327640000000001
109.1,-0.0901232
109.133333,-0.08348540000000002
109.166667,-0.06988
109.2,-0.0555232
109.233333,-0.0444478
109.266667,-0.037985000000000005
109.3,-0.035480399999999995
109.333333,-0.0354126
109.366667,-0.03604040000000001
109.4,-0.0353476
109.433333,-0.030795200000000005
109.466667,-0.0195384
109.5,0.0006306
109.533333,0.029860400000000002
109.566667,0.0650518
109.6,0.0997346
109.633333,0.1255188
109.666667,0.1348326
109.7,0.12385320000000001
109.733333,0.0942758
109.766667,0.05301380000000001
109.8,0.0098914
109.833333,-0.0257104
109.866667,-0.04786820000000001
109.9,-0.0557208
109.933333,-0.0532706
109.966667,-0.04746580000000001
110.0,-0.0451294
110.033333,-0.04980260000000001
110.066667,-0.059821400000000004
110.1,-0.0685722
110.133333,-0.0668918
110.166667,-0.046743
110.2,-0.004939000000000001
110.233333,0.054437000000000006
110.266667,0.1200596
110.3,0.1761842
110.333333,0.2073374
110.366667,0.2029966
110.4,0.1604446
110.433333,0.0849304
110.466667,-0.012558999999999999
110.5,-0.1185652
110.533333,-0.2198494
110.566667,-0.3047304
110.6,-0.3636306
110.633333,-0.38978719999999994
110.666667,-0.38025680000000006
110.7,-0.33636580000000005
110.733333,-0.2627506
110.766667,-0.16504239999999998
110.8,-0.0474292
110.833333,0.0879438
110.866667,0.2382572
110.9,0.39462780000000003
110.933333,0.5374344
110.966667,0.6368734000000001
111.0,0.6610608
111.033333,0.5892988
111.066667,0.423931
111.1,0.19381220000000002
111.133333,-0.0533032
111.166667,-0.265988
111.2,-0.40493260000000003
111.233333,-0.4532148
111.266667,-0.4183808
111.3,-0.32692699999999997
111.333333,-0.21383100000000002
111.366667,-0.1110394
111.4,-0.038851
111.433333,-0.002715
111.466667,0.004457200000000001
111.5,-0.0034956
111.533333,-0.0124328
111.566667,-0.0126918
111.6,-0.0010278000000000002
111.633333,0.020113
111.666667,0.044878999999999995
111.7,0.06658660000000001
111.733333,0.0797486
111.766667,0.0811692
111.8,0.07009340000000001
111.833333,0.047800600000000006
111.866667,0.0172296
111.9,-0.017174799999999997
111.933333,-0.049831600000000004
111.966667,-0.07500680000000001
112.0,-0.088148
112.033333,-0.0869188
112.066667,-0.0715372
112.1,-0.044457199999999995
112.133333,-0.009579400000000002
112.166667,0.028733200000000004
112.2,0.0663922
112.233333,0.09972380000000002
112.266667,0.1251538
112.3,0.138997
112.333333,0.13783720000000002
112.366667,0.11954680000000001
112.4,0.08451879999999999
112.433333,0.0364774
112.466667,-0.017730800000000005
112.5,-0.0695178
112.533333,-0.11063460000000001
112.566667,-0.135138
112.6,-0.14054499999999998
112.633333,-0.12789920000000002
112.666667,-0.1009606
112.7,-0.0649984
112.733333,-0.025692800000000002
112.766667,0.0116098
112.8,0.04241760000000001
112.833333,0.0635494
112.866667,0.07356739999999999
112.9,0.07304240000000001
112.933333,0.0644538
112.966667,0.05154380000000001
113.0,0.0382148
113.033333,0.027452000000000004
113.066667,0.020742
113.1,0.0179586
113.133333,0.017453
113.166667,0.016466800000000004
113.2,0.012163200000000002
113.233333,0.0030654
113.266667,-0.0099864
113.3,-0.024048400000000004
113.333333,-0.0354384
113.366667,-0.041626199999999995
113.4,-0.042830400000000005
113.433333,-0.042432
113.466667,-0.045552800000000004
113.5,-0.05616259999999999
113.533333,-0.0742376
113.566667,-0.09472440000000001
113.6,-0.10898619999999999
113.633333,-0.1080634
113.666667,-0.0863772
113.7,-0.0443384
113.733333,0.0113746
113.766667,0.0700772
113.8,0.12073940000000001
113.833333,0.15525660000000002
113.866667,0.17009860000000002
113.9,0.16621420000000003
113.933333,0.14774600000000002
113.966667,0.12028480000000001
114.0,0.08926940000000001
114.033333,0.058886400000000005
114.066667,0.0314924
114.1,0.007527800000000001
114.133333,-0.0140194
114.166667,-0.034690399999999996
114.2,-0.055690800000000006
114.233333,-0.07754160000000002
114.266667,-0.10011940000000001
114.3,-0.12261620000000001
114.333333,-0.14324320000000001
114.366667,-0.15887800000000002
114.4,-0.16490600000000002
114.433333,-0.1555278
114.466667,-0.12488480000000002
114.5,-0.06917340000000001
114.533333,0.010747399999999999
114.566667,0.10730840000000001
114.6,0.20586180000000004
114.633333,0.286631
114.666667,0.3289624
114.7,0.31689880000000004
114.733333,0.2441816
114.766667,0.1167868
114.8,-0.0477552
114.833333,-0.223678
114.866667,-0.3817766
114.9,-0.49449420000000005
114.933333,-0.5401572
114.966667,-0.5056512
115.0,-0.38774300000000006
115.033333,-0.19389520000000002
115.066667,0.056652999999999995
115.1,0.3316996000000001
115.133333,0.5862907999999999
115.166667,0.7671792000000001
115.2,0.8242160000000001
115.233333,0.7276857999999999
115.266667,0.48434960000000005
115.3,0.14228320000000003
115.333333,-0.22011060000000002
115.366667,-0.5166676
115.4,-0.6783516
115.433333,-0.672064
115.466667,-0.5087092
115.5,-0.2395296
115.533333,0.0579068
115.566667,0.3010206
115.6,0.42580700000000005
115.633333,0.40538620000000003
115.666667,0.25621120000000003
115.7,0.029237400000000004
115.733333,-0.20932839999999997
115.766667,-0.39871
115.8,-0.498176
115.833333,-0.49296320000000005
115.866667,-0.39280460000000006
115.9,-0.22575380000000003
115.933333,-0.029625800000000004
115.966667,0.1572154
116.0,0.3040234
116.033333,0.39289799999999997
116.066667,0.4198196
116.1,0.39193420000000007
116.133333,0.32312100000000005
116.166667,0.229913
116.2,0.12854400000000002
116.233333,0.032824200000000005
116.266667,-0.0473408
116.3,-0.10644039999999999
116.333333,-0.1426788
116.366667,-0.1566788
116.4,-0.1504772
116.433333,-0.127285
116.466667,-0.091765
116.5,-0.05021640000000001
116.533333,-0.010186800000000001
116.566667,0.0205538
116.6,0.03553819999999999
116.633333,0.031389400000000005
116.666667,0.0093904
116.7,-0.024076999999999998
116.733333,-0.059081800000000004
116.766667,-0.08542100000000001
116.8,-0.0960462
116.833333,-0.08883640000000001
116.866667,-0.0660704
116.9,-0.03237820000000001
116.933333,0.007388800000000001
116.966667,0.0492132
117.0,0.08956020000000002
117.033333,0.124248
117.066667,0.1476496
117.1,0.15317260000000002
117.133333,0.13510199999999997
117.166667,0.09110900000000001
117.2,0.0242896
117.233333,-0.0562386
117.266667,-0.136647
117.3,-0.20126
117.333333,-0.2360296
117.366667,-0.23163280000000003
117.4,-0.1856208
117.433333,-0.1033842
117.466667,0.0022266000000000005
117.5,0.1127624
117.533333,0.2074222
117.566667,0.26719380000000004
117.6,0.279084
117.633333,0.2394232
117.666667,0.1552838
117.7,0.043430800000000006
117.733333,-0.0731576
117.766667,-0.1704266
117.8,-0.22875640000000003
117.833333,-0.2373608
117.866667,-0.1964558
117.9,-0.11680620000000001
117.933333,-0.0170424
117.966667,0.08058420000000001
118.0,0.15526260000000003
118.033333,0.19243260000000004
118.066667,0.18702220000000003
118.1,0.14412000000000003
118.133333,0.0769482
118.166667,0.0028606000000000005
118.2,-0.061414199999999995
118.233333,-0.10385000000000001
118.266667,-0.1193126
118.3,-0.1094878
118.333333,-0.08117100000000001
118.366667,-0.043857600000000004
118.4,-0.0072842
118.433333,0.020707
118.466667,0.0355616
118.5,0.03631140000000001
118.533333,0.024973600000000002
118.566667,0.0055888
118.6,-0.016766
118.633333,-0.0369012
118.666667,-0.05025120000000001
118.7,-0.053151000000000004
118.733333,-0.0427342
118.766667,-0.0169458
118.8,0.024708400000000002
118.833333,0.0795796
118.866667,0.1402014
118.9,0.19383060000000002
118.933333,0.22427860000000002
118.966667,0.2161076
119.0,0.15991080000000005
119.033333,0.05670719999999999
119.066667,-0.08033680000000001
119.1,-0.22787880000000002
119.133333,-0.35799380000000003
119.166667,-0.44584540000000006
119.2,-0.4764560000000001
119.233333,-0.4476278
119.266667,-0.36782100000000006
119.3,-0.2503286
119.333333,-0.10696980000000002
119.366667,0.05504100000000001
119.4,0.230817
119.433333,0.41106000000000004
119.466667,0.5754118
119.5,0.6918060000000001
119.533333,0.7249030000000002
119.566667,0.6509298000000001
119.6,0.47126899999999994
119.633333,0.21681579999999998
119.666667,-0.0599832
119.7,-0.3015622
119.733333,-0.46250460000000004
119.766667,-0.5211281999999999
119.8,-0.48260200000000003
119.833333,-0.37407940000000006
119.866667,-0.234367
119.9,-0.1018202
119.933333,-0.004354
119.966667,0.045724600000000004
120.0,0.051439799999999994
120.033333,0.0267118
120.066667,-0.010058800000000001
120.1,-0.0421796
120.133333,-0.05889119999999999
120.166667,-0.0568082
120.2,-0.0388186
120.233333,-0.01145
120.266667,0.018071800000000002
120.3,0.0440786
120.333333,0.06348740000000001
120.366667,0.07563299999999999
120.4,0.081335
120.433333,0.081806
120.466667,0.0778886
120.5,0.06994100000000002
120.533333,0.05833460000000001
120.566667,0.04412420000000001
120.6,0.0292852
120.633333,0.0162558
120.666667,0.007088200000000001
120.7,0.0026856
120.733333,0.0024296
120.766667,0.004342400000000001
120.8,0.0058514000000000005
120.833333,0.0048990000000000014
120.866667,0.0007733999999999999
120.9,-0.005819
120.933333,-0.013365
120.966667,-0.0203548
121.0,-0.0258706
121.033333,-0.0297896
121.066667,-0.03258
121.1,-0.034849200000000004
121.133333,-0.036966399999999996
121.166667,-0.038965400000000004
121.2,-0.0406228
121.233333,-0.041539000000000006
121.266667,-0.041248599999999996
121.3,-0.03944040000000001
121.333333,-0.0361236
121.366667,-0.0314706
121.4,-0.025347400000000003
121.433333,-0.0168844
121.466667,-0.0045076
121.5,0.0133982
121.533333,0.0373736
121.566667,0.065806
121.6,0.0945244
121.633333,0.1174998
121.666667,0.12858119999999998
121.7,0.1236634
121.733333,0.1023448
121.766667,0.0682316
121.8,0.027671000000000005
121.833333,-0.012422400000000002
121.866667,-0.046556
121.9,-0.0716886
121.933333,-0.0872102
121.966667,-0.0942198
122.0,-0.0944816
122.033333,-0.08946520000000001
122.066667,-0.07986860000000001
122.1,-0.06580459999999999
122.133333,-0.047476800000000006
122.166667,-0.025980600000000003
122.2,-0.0038316000000000005
122.233333,0.015131200000000001
122.266667,0.026702999999999998
122.3,0.027953199999999997
122.333333,0.0188676
122.366667,0.003103
122.4,-0.012747799999999998
122.433333,-0.021340200000000004
122.466667,-0.017469800000000004
122.5,-0.00039380000000000003
122.533333,0.025649400000000006
122.566667,0.053049599999999995
122.6,0.0737476
122.633333,0.08208480000000001
122.666667,0.076464
122.7,0.0594002
122.733333,0.0361278
122.766667,0.0124682
122.8,-0.007105800000000001
122.833333,-0.0204124
122.866667,-0.0272778
122.9,-0.028332799999999998
122.933333,-0.0235778
122.966667,-0.011604399999999999
123.0,0.009766
123.033333,0.041446000000000004
123.066667,0.0807178
123.1,0.120062
123.133333,0.1481334
123.166667,0.15275560000000002
123.2,0.1249124
123.233333,0.062206000000000004
123.266667,-0.029701400000000003
123.3,-0.1382524
123.333333,-0.24704099999999998
123.366667,-0.3394452
123.4,-0.40191520000000003
123.433333,-0.426452
123.466667,-0.4117118
123.5,-0.3620898000000001
123.533333,-0.28472699999999995
123.566667,-0.1854458
123.6,-0.06562660000000001
123.633333,0.07759900000000002
123.666667,0.24646040000000002
123.7,0.43424619999999997
123.733333,0.6181506
123.766667,0.7592466000000001
123.8,0.8129054
123.833333,0.7467568
123.866667,0.5573336000000001
123.9,0.27587700000000004
123.933333,-0.040191
123.966667,-0.3254618
124.0,-0.525777
124.033333,-0.6116560000000001
124.066667,-0.5830936
124.1,-0.46592680000000003
124.133333,-0.3018074
124.166667,-0.13521720000000004
124.2,-0.0016362
124.233333,0.079768
124.266667,0.10751260000000001
124.3,0.09397300000000001
124.333333,0.058530599999999995
124.366667,0.0203854
124.4,-0.006683
124.433333,-0.016427800000000003
124.466667,-0.009321800000000002
124.5,0.009997400000000002
124.533333,0.035432200000000004
124.566667,0.0610074
124.6,0.08089640000000002
124.633333,0.0886298
124.666667,0.07696320000000001
124.7,0.039553000000000005
124.733333,-0.025742400000000006
124.766667,-0.113356
124.8,-0.2082158
124.833333,-0.28716
124.866667,-0.3241486
124.9,-0.298359
124.933333,-0.20260460000000002
124.966667,-0.0485846
125.0,0.13400440000000002
125.033333,0.3053384
125.066667,0.4280386
125.1,0.47929540000000004
125.133333,0.4568668
125.166667,0.37637380000000004
125.2,0.26237679999999997
125.233333,0.1387938
125.266667,0.023066
125.3,-0.0749296
125.333333,-0.15087219999999998
125.366667,-0.2033794
125.4,-0.2326542
125.433333,-0.24058339999999998
125.466667,-0.23095519999999997
125.5,-0.2084888
125.533333,-0.1768972
125.566667,-0.13750779999999999
125.6,-0.0898492
125.633333,-0.034218200000000004
125.666667,0.025137800000000005
125.7,0.0783958
125.733333,0.11196140000000002
125.766667,0.1138654
125.8,0.0803918
125.833333,0.0201338
125.866667,-0.0472618
125.9,-0.097499
125.933333,-0.1104278
125.966667,-0.07751260000000001
126.0,-0.0050344
126.033333,0.087975
126.066667,0.1758568
126.1,0.23406140000000003
126.133333,0.2460354
126.166667,0.20738980000000004
126.2,0.126175
126.233333,0.019338400000000002
126.266667,-0.09289159999999999
126.3,-0.1921642
126.333333,-0.2649682
126.366667,-0.30317640000000007
126.4,-0.3030236
126.433333,-0.2638264
126.466667,-0.1877076
126.5,-0.08083040000000001
126.533333,0.0446794
126.566667,0.17011040000000002
126.6,0.27260460000000003
126.633333,0.330826
126.666667,0.33196320000000007
126.7,0.2769688
126.733333,0.1812526
126.766667,0.0700418
126.8,-0.0298128
126.833333,-0.0980816
126.866667,-0.1262164
126.9,-0.11777800000000001
126.933333,-0.0849188
126.966667,-0.043048800000000005
127.0,-0.006090399999999999
127.033333,0.016232800000000002
127.066667,0.0190956
127.1,0.0022654000000000003
127.133333,-0.0303338
127.166667,-0.07103440000000001
127.2,-0.1091782
127.233333,-0.13267620000000002
127.266667,-0.1305672
127.3,-0.09624560000000001
127.333333,-0.030460200000000003
127.366667,0.0571252
127.4,0.148845
127.433333,0.22266780000000003
127.466667,0.25776360000000004
127.5,0.24026080000000002
127.533333,0.1673214
127.566667,0.048359400000000004
127.6,-0.0966696
127.633333,-0.24143740000000002
127.666667,-0.3591374
127.7,-0.42891619999999997
127.733333,-0.44081359999999997
127.766667,-0.39718840000000005
127.8,-0.3098378
127.833333,-0.1940018
127.866667,-0.06204100000000001
127.9,0.07986059999999999
127.933333,0.22969660000000003
127.966667,0.38291900000000006
128.0,0.5251316
128.033333,0.629947
128.066667,0.6655244
128.1,0.6079228000000001
