# Time_Sec,Amplitude
0.000000,0.000080
0.033333,0.001318
0.066667,0.002875
0.100000,0.004967
0.133333,0.007606
0.166667,0.010518
0.200000,0.013143
0.233333,0.014740
0.266667,0.014611
0.300000,0.012369
0.333333,0.008162
0.366667,0.002708
0.400000,-0.002900
0.433333,-0.007548
0.466667,-0.010452
0.500000,-0.011346
0.533333,-0.010489
0.566667,-0.008494
0.600000,-0.006098
0.633333,-0.003925
0.666667,-0.002340
0.700000,-0.001404
0.733333,-0.000934
0.766667,-0.000629
0.800000,-0.000205
0.833333,0.000487
0.866667,0.001414
0.900000,0.002391
0.933333,0.003170
0.966667,0.003549
1.000000,0.003453
1.033333,0.002961
1.066667,0.002272
1.100000,0.001629
1.133333,0.001232
1.166667,0.001163
1.200000,0.001361
1.233333,0.001632
1.266667,0.001714
1.300000,0.001362
1.333333,0.000444
1.366667,-0.000989
1.400000,-0.002684
1.433333,-0.004233
1.466667,-0.005199
1.500000,-0.005278
1.533333,-0.004427
1.566667,-0.002894
1.600000,-0.001117
1.633333,0.000444
1.666667,0.001475
1.700000,0.001892
1.733333,0.001814
1.766667,0.001482
1.800000,0.001145
1.833333,0.000974
1.866667,0.001014
1.900000,0.001194
1.933333,0.001372
1.966667,0.001413
2.000000,0.001256
2.033333,0.000946
2.066667,0.000614
2.100000,0.000411
2.133333,0.000444
2.166667,0.000728
2.200000,0.001184
2.233333,0.001676
2.266667,0.002062
2.300000,0.002243
2.333333,0.002193
2.366667,0.001953
2.400000,0.001605
2.433333,0.001202
2.466667,0.000720
2.500000,0.000043
2.533333,-0.000974
2.566667,-0.002416
2.600000,-0.004218
2.633333,-0.006156
2.666667,-0.007903
2.700000,-0.009127
2.733333,-0.009580
2.766667,-0.009137
2.800000,-0.007801
2.833333,-0.005693
2.866667,-0.003043
2.900000,-0.000165
2.933333,0.002577
2.966667,0.004829
3.000000,0.006337
3.033333,0.007019
3.066667,0.006991
3.100000,0.006537
3.133333,0.006020
3.166667,0.005774
3.200000,0.005998
3.233333,0.006670
3.266667,0.007517
3.300000,0.008081
3.333333,0.007864
3.366667,0.006536
3.400000,0.004102
3.433333,0.000955
3.466667,-0.002219
3.500000,-0.004675
3.533333,-0.005881
3.566667,-0.005721
3.600000,-0.004549
3.633333,-0.003048
3.666667,-0.001973
3.700000,-0.001884
3.733333,-0.002964
3.766667,-0.005002
3.800000,-0.007491
3.833333,-0.009782
3.866667,-0.011224
3.900000,-0.011285
3.933333,-0.009677
3.966667,-0.006488
4.000000,-0.002237
4.033333,0.002214
4.066667,0.005907
4.100000,0.008095
4.133333,0.008484
4.166667,0.007305
4.200000,0.005195
4.233333,0.002936
4.266667,0.001184
4.300000,0.000312
4.333333,0.000378
4.366667,0.001188
4.400000,0.002398
4.433333,0.003613
4.466667,0.004475
4.500000,0.004749
4.533333,0.004363
4.566667,0.003416
4.600000,0.002128
4.633333,0.000757
4.666667,-0.000486
4.700000,-0.001476
4.733333,-0.002168
4.766667,-0.002565
4.800000,-0.002680
4.833333,-0.002527
4.866667,-0.002120
4.900000,-0.001491
4.933333,-0.000709
4.966667,0.000096
5.000000,0.000741
5.033333,0.001022
5.066667,0.000776
5.100000,-0.000053
5.133333,-0.001369
5.166667,-0.002932
5.200000,-0.004419
5.233333,-0.005499
5.266667,-0.005907
5.300000,-0.005484
5.333333,-0.004211
5.366667,-0.002216
5.400000,0.000249
5.433333,0.002862
5.466667,0.005281
5.500000,0.007195
5.533333,0.008344
5.566667,0.008542
5.600000,0.007705
5.633333,0.005888
5.666667,0.003321
5.700000,0.000400
5.733333,-0.002374
5.766667,-0.004515
5.800000,-0.005682
5.833333,-0.005784
5.866667,-0.005007
5.900000,-0.003745
5.933333,-0.002475
5.966667,-0.001591
6.000000,-0.001278
6.033333,-0.001466
6.066667,-0.001881
6.100000,-0.002162
6.133333,-0.001993
6.166667,-0.001221
6.200000,0.000093
6.233333,0.001692
6.266667,0.003209
6.300000,0.004293
6.333333,0.004714
6.366667,0.004437
6.400000,0.003602
6.433333,0.002459
6.466667,0.001275
6.500000,0.000261
6.533333,-0.000447
6.566667,-0.000797
6.600000,-0.000814
6.633333,-0.000591
6.666667,-0.000283
6.700000,-0.000074
6.733333,-0.000118
6.766667,-0.000482
6.800000,-0.001110
6.833333,-0.001838
6.866667,-0.002454
6.900000,-0.002784
6.933333,-0.002742
6.966667,-0.002343
7.000000,-0.001671
7.033333,-0.000832
7.066667,0.000077
7.100000,0.000992
7.133333,0.001872
7.166667,0.002678
7.200000,0.003350
7.233333,0.003800
7.266667,0.003931
7.300000,0.003662
7.333333,0.002965
7.366667,0.001877
7.400000,0.000503
7.433333,-0.001004
7.466667,-0.002475
7.500000,-0.003749
7.533333,-0.004682
7.566667,-0.005161
7.600000,-0.005109
7.633333,-0.004501
7.666667,-0.003382
7.700000,-0.001880
7.733333,-0.000205
7.766667,0.001380
7.800000,0.002619
7.833333,0.003332
7.866667,0.003467
7.900000,0.003107
7.933333,0.002431
7.966667,0.001651
8.000000,0.000935
8.033333,0.000367
8.066667,-0.000048
8.100000,-0.000329
8.133333,-0.000478
8.166667,-0.000470
8.200000,-0.000282
8.233333,0.000068
8.266667,0.000508
8.300000,0.000928
8.333333,0.001210
8.366667,0.001269
8.400000,0.001079
8.433333,0.000678
8.466667,0.000149
8.500000,-0.000421
8.533333,-0.000966
8.566667,-0.001437
8.600000,-0.001794
8.633333,-0.001998
8.666667,-0.002024
8.700000,-0.001882
8.733333,-0.001619
8.766667,-0.001303
8.800000,-0.000976
8.833333,-0.000631
8.866667,-0.000211
8.900000,0.000335
8.933333,0.000993
8.966667,0.001653
9.000000,0.002155
9.033333,0.002349
9.066667,0.002153
9.100000,0.001586
9.133333,0.000762
9.166667,-0.000126
9.200000,-0.000849
9.233333,-0.001212
9.266667,-0.001119
9.300000,-0.000613
9.333333,0.000134
9.366667,0.000877
9.400000,0.001379
9.433333,0.001488
9.466667,0.001175
9.500000,0.000537
9.533333,-0.000245
9.566667,-0.000961
9.600000,-0.001438
9.633333,-0.001580
9.666667,-0.001380
9.700000,-0.000909
9.733333,-0.000292
9.766667,0.000322
9.800000,0.000779
9.833333,0.000955
9.866667,0.000781
9.900000,0.000251
9.933333,-0.000578
9.966667,-0.001596
10.000000,-0.002636
10.033333,-0.003487
10.066667,-0.003920
10.100000,-0.003741
10.133333,-0.002841
10.166667,-0.001227
10.200000,0.000947
10.233333,0.003395
10.266667,0.005734
10.300000,0.007547
10.333333,0.008461
10.366667,0.008224
10.400000,0.006784
10.433333,0.004325
10.466667,0.001238
10.500000,-0.001965
10.533333,-0.004780
10.566667,-0.006816
10.600000,-0.007855
10.633333,-0.007870
10.666667,-0.007006
10.700000,-0.005539
10.733333,-0.003810
10.766667,-0.002141
10.800000,-0.000753
10.833333,0.000272
10.866667,0.000979
10.900000,0.001493
10.933333,0.001949
10.966667,0.002441
11.000000,0.002988
11.033333,0.003522
11.066667,0.003916
11.100000,0.004030
11.133333,0.003775
11.166667,0.003155
11.200000,0.002285
11.233333,0.001366
11.266667,0.000629
11.300000,0.000244
11.333333,0.000256
11.366667,0.000556
11.400000,0.000913
11.433333,0.001057
11.466667,0.000777
11.500000,0.000003
11.533333,-0.001169
11.566667,-0.002511
11.600000,-0.003744
11.633333,-0.004616
11.666667,-0.004980
11.700000,-0.004819
11.733333,-0.004238
11.766667,-0.003405
11.800000,-0.002498
11.833333,-0.001646
11.866667,-0.000907
11.900000,-0.000275
11.933333,0.000284
11.966667,0.000800
12.000000,0.001282
12.033333,0.001714
12.066667,0.002066
12.100000,0.002313
12.133333,0.002452
12.166667,0.002509
12.200000,0.002535
12.233333,0.002579
12.266667,0.002661
12.300000,0.002755
12.333333,0.002787
12.366667,0.002660
12.400000,0.002290
12.433333,0.001641
12.466667,0.000749
12.500000,-0.000282
12.533333,-0.001297
12.566667,-0.002137
12.600000,-0.002675
12.633333,-0.002858
12.666667,-0.002715
12.700000,-0.002346
12.733333,-0.001879
12.766667,-0.001424
12.800000,-0.001039
12.833333,-0.000728
12.866667,-0.000461
12.900000,-0.000206
12.933333,0.000047
12.966667,0.000279
13.000000,0.000451
13.033333,0.000510
13.066667,0.000404
13.100000,0.000115
13.133333,-0.000317
13.166667,-0.000781
13.200000,-0.001122
13.233333,-0.001188
13.266667,-0.000893
13.300000,-0.000256
13.333333,0.000591
13.366667,0.001445
13.400000,0.002093
13.433333,0.002375
13.466667,0.002225
13.500000,0.001684
13.533333,0.000882
13.566667,0.000003
13.600000,-0.000760
13.633333,-0.001249
13.666667,-0.001376
13.700000,-0.001135
13.733333,-0.000605
13.766667,0.000084
13.800000,0.000781
13.833333,0.001350
13.866667,0.001693
13.900000,0.001757
13.933333,0.001527
13.966667,0.001023
14.000000,0.000294
14.033333,-0.000578
14.066667,-0.001492
14.100000,-0.002327
14.133333,-0.002960
14.166667,-0.003280
14.200000,-0.003212
14.233333,-0.002728
14.266667,-0.001869
14.300000,-0.000735
14.333333,0.000524
14.366667,0.001722
14.400000,0.002672
14.433333,0.003228
14.466667,0.003335
14.500000,0.003051
14.533333,0.002526
14.566667,0.001921
14.600000,0.001342
14.633333,0.000801
14.666667,0.000237
14.700000,-0.000430
14.733333,-0.001224
14.766667,-0.002071
14.800000,-0.002803
14.833333,-0.003215
14.866667,-0.003156
14.900000,-0.002602
14.933333,-0.001684
14.966667,-0.000647
15.000000,0.000232
15.033333,0.000745
15.066667,0.000821
15.100000,0.000551
15.133333,0.000150
15.166667,-0.000131
15.200000,-0.000101
15.233333,0.000296
15.266667,0.000958
15.300000,0.001664
15.333333,0.002164
15.366667,0.002274
15.400000,0.001955
15.433333,0.001323
15.466667,0.000599
15.500000,0.000007
15.533333,-0.000314
15.566667,-0.000353
15.600000,-0.000203
15.633333,0.000003
15.666667,0.000154
15.700000,0.000196
15.733333,0.000142
15.766667,0.000039
15.800000,-0.000070
15.833333,-0.000193
15.866667,-0.000390
15.900000,-0.000745
15.933333,-0.001302
15.966667,-0.002011
16.000000,-0.002717
16.033333,-0.003189
16.066667,-0.003205
16.100000,-0.002637
16.133333,-0.001524
16.166667,-0.000073
16.200000,0.001390
16.233333,0.002529
16.266667,0.003104
16.300000,0.003047
16.333333,0.002469
16.366667,0.001612
16.400000,0.000753
16.433333,0.000120
16.466667,-0.000171
16.500000,-0.000123
16.533333,0.000169
16.566667,0.000570
16.600000,0.000953
16.633333,0.001224
16.666667,0.001334
16.700000,0.001274
16.733333,0.001049
16.766667,0.000674
16.800000,0.000165
16.833333,-0.000442
16.866667,-0.001087
16.900000,-0.001700
16.933333,-0.002219
16.966667,-0.002606
17.000000,-0.002846
17.033333,-0.002928
17.066667,-0.002826
17.100000,-0.002498
17.133333,-0.001899
17.166667,-0.001016
17.200000,0.000096
17.233333,0.001293
17.266667,0.002372
17.300000,0.003117
17.333333,0.003369
17.366667,0.003073
17.400000,0.002299
17.433333,0.001223
17.466667,0.000071
17.500000,-0.000948
17.533333,-0.001685
17.566667,-0.002066
17.600000,-0.002074
17.633333,-0.001736
17.666667,-0.001105
17.700000,-0.000248
17.733333,0.000755
17.766667,0.001797
17.800000,0.002733
17.833333,0.003385
17.866667,0.003577
17.900000,0.003194
17.933333,0.002242
17.966667,0.000871
18.000000,-0.000649
18.033333,-0.002003
18.066667,-0.002913
18.100000,-0.003209
18.133333,-0.002860
18.166667,-0.001978
18.200000,-0.000799
18.233333,0.000372
18.266667,0.001245
18.300000,0.001612
18.333333,0.001404
18.366667,0.000705
18.400000,-0.000277
18.433333,-0.001265
18.466667,-0.001997
18.500000,-0.002304
18.533333,-0.002163
18.566667,-0.001701
18.600000,-0.001132
18.633333,-0.000661
18.666667,-0.000385
18.700000,-0.000255
18.733333,-0.000113
18.766667,0.000204
18.800000,0.000755
18.833333,0.001438
18.866667,0.002024
18.900000,0.002253
18.933333,0.001962
18.966667,0.001168
19.000000,0.000072
19.033333,-0.001010
19.066667,-0.001762
19.100000,-0.001967
19.133333,-0.001581
19.166667,-0.000737
19.200000,0.000312
19.233333,0.001287
19.266667,0.001979
19.300000,0.002305
19.333333,0.002304
19.366667,0.002086
19.400000,0.001775
19.433333,0.001453
19.466667,0.001124
19.500000,0.000739
19.533333,0.000238
19.566667,-0.000384
19.600000,-0.001045
19.633333,-0.001596
19.666667,-0.001868
19.700000,-0.001747
19.733333,-0.001227
19.766667,-0.000428
19.800000,0.000422
19.833333,0.001053
19.866667,0.001229
19.900000,0.000838
19.933333,-0.000053
19.966667,-0.001199
20.000000,-0.002241
20.033333,-0.002829
20.066667,-0.002757
20.100000,-0.002046
20.133333,-0.000953
20.166667,0.000133
20.200000,0.000838
20.233333,0.000951
20.266667,0.000495
20.300000,-0.000298
20.333333,-0.001090
20.366667,-0.001572
20.400000,-0.001585
20.433333,-0.001155
20.466667,-0.000460
20.500000,0.000264
20.533333,0.000831
20.566667,0.001167
20.600000,0.001324
20.633333,0.001433
20.666667,0.001629
20.700000,0.001985
20.733333,0.002475
20.766667,0.002979
20.800000,0.003318
20.833333,0.003309
20.866667,0.002832
20.900000,0.001880
20.933333,0.000575
20.966667,-0.000850
21.000000,-0.002120
21.033333,-0.003008
21.066667,-0.003393
21.100000,-0.003282
21.133333,-0.002784
21.166667,-0.002062
21.200000,-0.001283
21.233333,-0.000576
21.266667,-0.000021
21.300000,0.000350
21.333333,0.000530
21.366667,0.000531
21.400000,0.000385
21.433333,0.000162
21.466667,-0.000034
21.500000,-0.000094
21.533333,0.000041
21.566667,0.000350
21.600000,0.000732
21.633333,0.001057
21.666667,0.001224
21.700000,0.001205
21.733333,0.001040
21.766667,0.000797
21.800000,0.000529
21.833333,0.000237
21.866667,-0.000121
21.900000,-0.000592
21.933333,-0.001183
21.966667,-0.001825
22.000000,-0.002384
22.033333,-0.002712
22.066667,-0.002707
22.100000,-0.002350
22.133333,-0.001710
22.166667,-0.000901
22.200000,-0.000042
22.233333,0.000777
22.266667,0.001492
22.300000,0.002054
22.333333,0.002404
22.366667,0.002480
22.400000,0.002243
22.433333,0.001707
22.466667,0.000964
22.500000,0.000162
22.533333,-0.000526
22.566667,-0.000946
22.600000,-0.000992
22.633333,-0.000622
22.666667,0.000130
22.700000,0.001150
22.733333,0.002240
22.766667,0.003143
22.800000,0.003595
22.833333,0.003383
22.866667,0.002424
22.900000,0.000817
22.933333,-0.001143
22.966667,-0.003031
23.000000,-0.004411
23.033333,-0.004976
23.066667,-0.004637
23.100000,-0.003531
23.133333,-0.001960
23.166667,-0.000305
23.200000,0.001064
23.233333,0.001871
23.266667,0.001989
23.300000,0.001469
23.333333,0.000522
23.366667,-0.000540
23.400000,-0.001400
23.433333,-0.001842
23.466667,-0.001817
23.500000,-0.001437
23.533333,-0.000895
23.566667,-0.000372
23.600000,0.000041
23.633333,0.000350
23.666667,0.000618
23.700000,0.000905
23.733333,0.001220
23.766667,0.001517
23.800000,0.001713
23.833333,0.001733
23.866667,0.001532
23.900000,0.001129
23.933333,0.000622
23.966667,0.000180
24.000000,-0.000004
24.033333,0.000205
24.066667,0.000815
24.100000,0.001675
24.133333,0.002505
24.166667,0.002976
24.200000,0.002835
24.233333,0.002004
24.266667,0.000612
24.300000,-0.001055
24.333333,-0.002664
24.366667,-0.003943
24.400000,-0.004746
24.433333,-0.005049
24.466667,-0.004924
24.500000,-0.004480
24.533333,-0.003815
24.566667,-0.002987
24.600000,-0.002003
24.633333,-0.000841
24.666667,0.000509
24.700000,0.001994
24.733333,0.003471
24.766667,0.004726
24.800000,0.005527
24.833333,0.005707
24.866667,0.005233
24.900000,0.004219
24.933333,0.002888
24.966667,0.001485
25.000000,0.000206
25.033333,-0.000836
25.066667,-0.001601
25.100000,-0.002090
25.133333,-0.002323
25.166667,-0.002334
25.200000,-0.002176
25.233333,-0.001930
25.266667,-0.001696
25.300000,-0.001572
25.333333,-0.001618
25.366667,-0.001826
25.400000,-0.002093
25.433333,-0.002236
25.466667,-0.002053
25.500000,-0.001408
25.533333,-0.000328
25.566667,0.000966
25.600000,0.002106
25.633333,0.002719
25.666667,0.002590
25.700000,0.001778
25.733333,0.000597
25.766667,-0.000515
25.800000,-0.001170
25.833333,-0.001164
25.866667,-0.000516
25.900000,0.000560
25.933333,0.001746
25.966667,0.002717
26.000000,0.003235
26.033333,0.003208
26.066667,0.002689
26.100000,0.001842
26.133333,0.000876
26.166667,-0.000016
26.200000,-0.000706
26.233333,-0.001141
26.266667,-0.001348
26.300000,-0.001406
26.333333,-0.001407
26.366667,-0.001414
26.400000,-0.001443
26.433333,-0.001465
26.466667,-0.001439
26.500000,-0.001347
26.533333,-0.001211
26.566667,-0.001077
26.600000,-0.000976
26.633333,-0.000899
26.666667,-0.000802
26.700000,-0.000639
26.733333,-0.000390
26.766667,-0.000076
26.800000,0.000237
26.833333,0.000464
26.866667,0.000538
26.900000,0.000442
26.933333,0.000225
26.966667,-0.000005
27.000000,-0.000126
27.033333,-0.000049
27.066667,0.000254
27.100000,0.000741
27.133333,0.001332
27.166667,0.001930
27.200000,0.002441
27.233333,0.002777
27.266667,0.002856
27.300000,0.002606
27.333333,0.001996
27.366667,0.001063
27.400000,-0.000066
27.433333,-0.001192
27.466667,-0.002090
27.500000,-0.002584
27.533333,-0.002603
27.566667,-0.002218
27.600000,-0.001619
27.633333,-0.001054
27.666667,-0.000735
27.700000,-0.000761
27.733333,-0.001090
27.766667,-0.001551
27.800000,-0.001919
27.833333,-0.001996
27.866667,-0.001673
27.900000,-0.000960
27.933333,0.000024
27.966667,0.001097
28.000000,0.002054
28.033333,0.002727
28.066667,0.003023
28.100000,0.002945
28.133333,0.002578
28.166667,0.002044
28.200000,0.001465
28.233333,0.000941
28.266667,0.000546
28.300000,0.000316
28.333333,0.000242
28.366667,0.000267
28.400000,0.000303
28.433333,0.000254
28.466667,0.000052
28.500000,-0.000322
28.533333,-0.000834
28.566667,-0.001419
28.600000,-0.001999
28.633333,-0.002502
28.666667,-0.002865
28.700000,-0.003046
28.733333,-0.003036
28.766667,-0.002869
28.800000,-0.002589
28.833333,-0.002216
28.866667,-0.001715
28.900000,-0.001020
28.933333,-0.000087
28.966667,0.001039
29.000000,0.002213
29.033333,0.003234
29.066667,0.003932
29.100000,0.004233
29.133333,0.004166
29.166667,0.003829
29.200000,0.003327
29.233333,0.002734
29.266667,0.002073
29.300000,0.001335
29.333333,0.000518
29.366667,-0.000349
29.400000,-0.001201
29.433333,-0.001950
29.466667,-0.002501
29.500000,-0.002776
29.533333,-0.002744
29.566667,-0.002452
29.600000,-0.002020
29.633333,-0.001589
29.666667,-0.001266
29.700000,-0.001078
29.733333,-0.000974
29.766667,-0.000862
29.800000,-0.000650
29.833333,-0.000280
29.866667,0.000259
29.900000,0.000921
29.933333,0.001603
29.966667,0.002144
30.000000,0.002365
30.033333,0.002132
30.066667,0.001418
30.100000,0.000331
30.133333,-0.000918
30.166667,-0.002076
30.200000,-0.002919
30.233333,-0.003284
30.266667,-0.003086
30.300000,-0.002319
30.333333,-0.001069
30.366667,0.000487
30.400000,0.002094
30.433333,0.003462
30.466667,0.004331
30.500000,0.004535
30.533333,0.004042
30.566667,0.002956
30.600000,0.001496
30.633333,-0.000044
30.666667,-0.001352
30.700000,-0.002163
30.733333,-0.002333
30.766667,-0.001900
30.800000,-0.001088
30.833333,-0.000240
30.866667,0.000305
30.900000,0.000338
30.933333,-0.000154
30.966667,-0.000991
31.000000,-0.001874
31.033333,-0.002493
31.066667,-0.002628
31.100000,-0.002202
31.133333,-0.001283
31.166667,-0.000054
31.200000,0.001247
31.233333,0.002367
31.266667,0.003079
31.300000,0.003226
31.333333,0.002764
31.366667,0.001801
31.400000,0.000581
31.433333,-0.000581
31.466667,-0.001406
31.500000,-0.001747
31.533333,-0.001636
31.566667,-0.001256
31.600000,-0.000855
31.633333,-0.000637
31.666667,-0.000684
31.700000,-0.000933
31.733333,-0.001216
31.766667,-0.001344
31.800000,-0.001181
31.833333,-0.000681
31.866667,0.000099
31.900000,0.001010
31.933333,0.001841
31.966667,0.002368
32.000000,0.002427
32.033333,0.001990
32.066667,0.001192
32.100000,0.000286
32.133333,-0.000443
32.166667,-0.000778
32.200000,-0.000622
32.233333,-0.000018
32.266667,0.000859
32.300000,0.001741
32.333333,0.002311
32.366667,0.002301
32.400000,0.001587
32.433333,0.000261
32.466667,-0.001373
32.500000,-0.002894
32.533333,-0.003907
32.566667,-0.004180
32.600000,-0.003714
32.633333,-0.002729
32.666667,-0.001565
32.700000,-0.000542
32.733333,0.000139
32.766667,0.000449
32.800000,0.000506
32.833333,0.000507
32.866667,0.000641
32.900000,0.001018
32.933333,0.001628
32.966667,0.002342
33.000000,0.002953
33.033333,0.003246
33.066667,0.003078
33.100000,0.002437
33.133333,0.001441
33.166667,0.000305
33.200000,-0.000724
33.233333,-0.001432
33.266667,-0.001697
33.300000,-0.001520
33.333333,-0.001032
33.366667,-0.000451
33.400000,-0.000015
33.433333,0.000096
33.466667,-0.000182
33.500000,-0.000776
33.533333,-0.001496
33.566667,-0.002093
33.600000,-0.002341
33.633333,-0.002110
33.666667,-0.001415
33.700000,-0.000417
33.733333,0.000624
33.766667,0.001439
33.800000,0.001834
33.833333,0.001738
33.866667,0.001201
33.900000,0.000361
33.933333,-0.000615
33.966667,-0.001570
34.000000,-0.002384
34.033333,-0.002965
34.066667,-0.003240
34.100000,-0.003135
34.133333,-0.002577
34.166667,-0.001524
34.200000,-0.000005
34.233333,0.001835
34.266667,0.003738
34.300000,0.005371
34.333333,0.006414
34.366667,0.006648
34.400000,0.006029
34.433333,0.004717
34.466667,0.003031
34.500000,0.001358
34.533333,0.000039
34.566667,-0.000739
34.600000,-0.001004
34.633333,-0.000986
34.666667,-0.001027
34.700000,-0.001433
34.733333,-0.002333
34.766667,-0.003603
34.800000,-0.004888
34.833333,-0.005727
34.866667,-0.005734
34.900000,-0.004752
34.933333,-0.002921
34.966667,-0.000641
35.000000,0.001557
35.033333,0.003177
35.066667,0.003911
35.100000,0.003707
35.133333,0.002757
35.166667,0.001395
35.200000,-0.000026
35.233333,-0.001231
35.266667,-0.002057
35.300000,-0.002444
35.333333,-0.002420
35.366667,-0.002069
35.400000,-0.001505
35.433333,-0.000851
35.466667,-0.000218
35.500000,0.000287
35.533333,0.000566
35.566667,0.000544
35.600000,0.000209
35.633333,-0.000343
35.666667,-0.000882
35.700000,-0.001082
35.733333,-0.000625
35.766667,0.000666
35.800000,0.002704
35.833333,0.005109
35.866667,0.007294
35.900000,0.008641
35.933333,0.008694
35.966667,0.007304
36.000000,0.004668
36.033333,0.001264
36.066667,-0.002284
36.100000,-0.005352
36.133333,-0.007436
36.166667,-0.008245
36.200000,-0.007745
36.233333,-0.006162
36.266667,-0.003927
36.300000,-0.001575
36.333333,0.000374
36.366667,0.001545
36.400000,0.001788
36.433333,0.001213
36.466667,0.000137
36.500000,-0.001038
36.533333,-0.001954
36.566667,-0.002393
36.600000,-0.002309
36.633333,-0.001800
36.666667,-0.001045
36.700000,-0.000229
36.733333,0.000511
36.766667,0.001117
36.800000,0.001603
36.833333,0.002010
36.866667,0.002364
36.900000,0.002642
36.933333,0.002783
36.966667,0.002723
37.000000,0.002426
37.033333,0.001918
37.066667,0.001282
37.100000,0.000634
37.133333,0.000084
37.166667,-0.000289
37.200000,-0.000448
37.233333,-0.000384
37.266667,-0.000123
37.300000,0.000269
37.333333,0.000673
37.366667,0.000935
37.400000,0.000918
37.433333,0.000561
37.466667,-0.000092
37.500000,-0.000906
37.533333,-0.001714
37.566667,-0.002388
37.600000,-0.002872
37.633333,-0.003175
37.666667,-0.003318
37.700000,-0.003296
37.733333,-0.003068
37.766667,-0.002579
37.800000,-0.001810
37.833333,-0.000810
37.866667,0.000299
37.900000,0.001347
37.933333,0.002169
37.966667,0.002661
38.000000,0.002818
38.033333,0.002734
38.066667,0.002553
38.100000,0.002406
38.133333,0.002357
38.166667,0.002384
38.200000,0.002402
38.233333,0.002325
38.266667,0.002116
38.300000,0.001796
38.333333,0.001414
38.366667,0.000996
38.400000,0.000515
38.433333,-0.000105
38.466667,-0.000956
38.500000,-0.002097
38.533333,-0.003519
38.566667,-0.005104
38.600000,-0.006619
38.633333,-0.007740
38.666667,-0.008122
38.700000,-0.007499
38.733333,-0.005774
38.766667,-0.003082
38.800000,0.000206
38.833333,0.003565
38.866667,0.006432
38.900000,0.008351
38.933333,0.009071
38.966667,0.008586
39.000000,0.007115
39.033333,0.005026
39.066667,0.002739
39.100000,0.000639
39.133333,-0.000985
39.166667,-0.001978
39.200000,-0.002332
39.233333,-0.002165
39.266667,-0.001681
39.300000,-0.001110
39.333333,-0.000649
39.366667,-0.000418
39.400000,-0.000445
39.433333,-0.000691
39.466667,-0.001084
39.500000,-0.001554
39.533333,-0.002045
39.566667,-0.002512
39.600000,-0.002895
39.633333,-0.003103
39.666667,-0.003029
39.700000,-0.002584
39.733333,-0.001736
39.766667,-0.000538
39.800000,0.000871
39.833333,0.002287
39.866667,0.003480
39.900000,0.004238
39.933333,0.004416
39.966667,0.003979
40.000000,0.003011
40.033333,0.001703
40.066667,0.000314
40.100000,-0.000889
40.133333,-0.001686
40.166667,-0.001947
40.200000,-0.001672
40.233333,-0.000998
40.266667,-0.000177
40.300000,0.000487
40.333333,0.000737
40.366667,0.000457
40.400000,-0.000278
40.433333,-0.001225
40.466667,-0.002070
40.500000,-0.002541
40.533333,-0.002489
40.566667,-0.001909
40.600000,-0.000931
40.633333,0.000214
40.666667,0.001248
40.700000,0.001910
40.733333,0.002035
40.766667,0.001615
40.800000,0.000807
40.833333,-0.000111
40.866667,-0.000838
40.900000,-0.001155
40.933333,-0.000982
40.966667,-0.000389
41.000000,0.000443
41.033333,0.001279
41.066667,0.001899
41.100000,0.002150
41.133333,0.001980
41.166667,0.001461
41.200000,0.000755
41.233333,0.000065
41.266667,-0.000440
41.300000,-0.000666
41.333333,-0.000616
41.366667,-0.000360
41.400000,-0.000006
41.433333,0.000340
41.466667,0.000602
41.500000,0.000739
41.533333,0.000738
41.566667,0.000587
41.600000,0.000253
41.633333,-0.000306
41.666667,-0.001106
41.700000,-0.002094
41.733333,-0.003137
41.766667,-0.004035
41.800000,-0.004577
41.833333,-0.004587
41.866667,-0.003982
41.900000,-0.002808
41.933333,-0.001244
41.966667,0.000436
42.000000,0.001932
42.033333,0.003015
42.066667,0.003582
42.100000,0.003666
42.133333,0.003392
42.166667,0.002922
42.200000,0.002409
42.233333,0.001973
42.266667,0.001688
42.300000,0.001588
42.333333,0.001657
42.366667,0.001829
42.400000,0.001998
42.433333,0.002032
42.466667,0.001813
42.500000,0.001266
42.533333,0.000385
42.566667,-0.000757
42.600000,-0.002018
42.633333,-0.003227
42.666667,-0.004222
42.700000,-0.004878
42.733333,-0.005110
42.766667,-0.004874
42.800000,-0.004173
42.833333,-0.003064
42.866667,-0.001651
42.900000,-0.000075
42.933333,0.001504
42.966667,0.002911
43.000000,0.003974
43.033333,0.004541
43.066667,0.004516
43.100000,0.003898
43.133333,0.002797
43.166667,0.001427
43.200000,0.000051
43.233333,-0.001084
43.266667,-0.001813
43.300000,-0.002087
43.333333,-0.001969
43.366667,-0.001606
43.400000,-0.001168
43.433333,-0.000799
43.466667,-0.000572
43.500000,-0.000490
43.533333,-0.000498
43.566667,-0.000519
43.600000,-0.000473
43.633333,-0.000298
43.666667,0.000033
43.700000,0.000506
43.733333,0.001051
43.766667,0.001553
43.800000,0.001862
43.833333,0.001830
43.866667,0.001370
43.900000,0.000500
43.933333,-0.000633
43.966667,-0.001781
44.000000,-0.002657
44.033333,-0.003019
44.066667,-0.002732
44.100000,-0.001803
44.133333,-0.000385
44.166667,0.001249
44.200000,0.002767
44.233333,0.003852
44.266667,0.004285
44.300000,0.004006
44.333333,0.003129
44.366667,0.001912
44.400000,0.000674
44.433333,-0.000319
44.466667,-0.000944
44.500000,-0.001251
44.533333,-0.001402
44.566667,-0.001580
44.600000,-0.001896
44.633333,-0.002352
44.666667,-0.002838
44.700000,-0.003185
44.733333,-0.003232
44.766667,-0.002889
44.800000,-0.002184
44.833333,-0.001249
44.866667,-0.000273
44.900000,0.000550
44.933333,0.001080
44.966667,0.001256
45.000000,0.001113
45.033333,0.000786
45.066667,0.000475
45.100000,0.000380
45.133333,0.000629
45.166667,0.001224
45.200000,0.002033
45.233333,0.002838
45.266667,0.003401
45.300000,0.003535
45.333333,0.003156
45.366667,0.002296
45.400000,0.001093
45.433333,-0.000233
45.466667,-0.001417
45.500000,-0.002199
45.533333,-0.002400
45.566667,-0.001986
45.600000,-0.001111
45.633333,-0.000097
45.666667,0.000648
45.700000,0.000762
45.733333,0.000070
45.766667,-0.001314
45.800000,-0.002989
45.833333,-0.004376
45.866667,-0.004903
45.900000,-0.004218
45.933333,-0.002338
45.966667,0.000321
46.000000,0.003062
46.033333,0.005125
46.066667,0.005938
46.100000,0.005292
46.133333,0.003385
46.166667,0.000740
46.200000,-0.001964
46.233333,-0.004072
46.266667,-0.005103
46.300000,-0.004853
46.333333,-0.003449
46.366667,-0.001316
46.400000,0.000939
46.433333,0.002720
46.466667,0.003631
46.500000,0.003574
46.533333,0.002732
46.566667,0.001469
46.600000,0.000193
46.633333,-0.000765
46.666667,-0.001222
46.700000,-0.001155
46.733333,-0.000660
46.766667,0.000095
46.800000,0.000915
46.833333,0.001613
46.866667,0.002038
46.900000,0.002099
46.933333,0.001774
46.966667,0.001102
47.000000,0.000178
47.033333,-0.000858
47.066667,-0.001849
47.100000,-0.002652
47.133333,-0.003159
47.166667,-0.003305
47.200000,-0.003072
47.233333,-0.002484
47.266667,-0.001610
47.300000,-0.000558
47.333333,0.000528
47.366667,0.001498
47.400000,0.002221
47.433333,0.002617
47.466667,0.002666
47.500000,0.002401
47.533333,0.001882
47.566667,0.001185
47.600000,0.000403
47.633333,-0.000343
47.666667,-0.000910
47.700000,-0.001160
47.733333,-0.001011
47.766667,-0.000495
47.800000,0.000234
47.833333,0.000931
47.866667,0.001340
47.900000,0.001280
47.933333,0.000703
47.966667,-0.000295
48.000000,-0.001506
48.033333,-0.002661
48.066667,-0.003508
48.100000,-0.003868
48.133333,-0.003689
48.166667,-0.003037
48.200000,-0.002054
48.233333,-0.000897
48.266667,0.000310
48.300000,0.001474
48.333333,0.002511
48.366667,0.003331
48.400000,0.003847
48.433333,0.004016
48.466667,0.003860
48.500000,0.003468
48.533333,0.002956
48.566667,0.002409
48.600000,0.001850
48.633333,0.001242
48.666667,0.000520
48.700000,-0.000360
48.733333,-0.001387
48.766667,-0.002477
48.800000,-0.003484
48.833333,-0.004237
48.866667,-0.004588
48.900000,-0.004461
48.933333,-0.003869
48.966667,-0.002909
49.000000,-0.001729
49.033333,-0.000501
49.066667,0.000618
49.100000,0.001511
49.133333,0.002125
49.166667,0.002462
49.200000,0.002564
49.233333,0.002477
49.266667,0.002231
49.300000,0.001827
49.333333,0.001265
49.366667,0.000564
49.400000,-0.000211
49.433333,-0.000935
49.466667,-0.001434
49.500000,-0.001537
49.533333,-0.001141
49.566667,-0.000282
49.600000,0.000845
49.633333,0.001925
49.666667,0.002611
49.700000,0.002638
49.733333,0.001906
49.766667,0.000534
49.800000,-0.001162
49.833333,-0.002733
49.866667,-0.003737
49.900000,-0.003884
49.933333,-0.003160
49.966667,-0.001827
50.000000,-0.000309
50.033333,0.000990
50.066667,0.001845
50.100000,0.002250
50.133333,0.002356
50.166667,0.002343
50.200000,0.002322
50.233333,0.002284
50.266667,0.002126
50.300000,0.001700
50.333333,0.000894
50.366667,-0.000302
50.400000,-0.001759
50.433333,-0.003216
50.466667,-0.004349
50.500000,-0.004867
50.533333,-0.004605
50.566667,-0.003586
50.600000,-0.002022
50.633333,-0.000273
50.666667,0.001260
50.700000,0.002253
50.733333,0.002564
50.766667,0.002259
50.800000,0.001568
50.833333,0.000789
50.866667,0.000203
50.900000,-0.000002
50.933333,0.000233
50.966667,0.000826
51.000000,0.001582
51.033333,0.002242
51.066667,0.002557
51.100000,0.002357
51.133333,0.001621
51.166667,0.000497
51.200000,-0.000721
51.233333,-0.001691
51.266667,-0.002141
51.300000,-0.001964
51.333333,-0.001250
51.366667,-0.000254
51.400000,0.000693
51.433333,0.001288
51.466667,0.001354
51.500000,0.000893
51.533333,0.000083
51.566667,-0.000791
51.600000,-0.001443
51.633333,-0.001689
51.666667,-0.001508
51.700000,-0.001028
51.733333,-0.000469
51.766667,-0.000054
51.800000,0.000063
51.833333,-0.000152
51.866667,-0.000605
51.900000,-0.001104
51.933333,-0.001427
51.966667,-0.001402
52.000000,-0.000966
52.033333,-0.000193
52.066667,0.000726
52.100000,0.001541
52.133333,0.002020
52.166667,0.002038
52.200000,0.001620
52.233333,0.000939
52.266667,0.000256
52.300000,-0.000177
52.333333,-0.000216
52.366667,0.000113
52.400000,0.000607
52.433333,0.000974
52.466667,0.000961
52.500000,0.000471
52.533333,-0.000397
52.566667,-0.001388
52.600000,-0.002199
52.633333,-0.002588
52.666667,-0.002470
52.700000,-0.001919
52.733333,-0.001110
52.766667,-0.000230
52.800000,0.000587
52.833333,0.001272
52.866667,0.001798
52.900000,0.002148
52.933333,0.002303
52.966667,0.002245
53.000000,0.001961
53.033333,0.001466
53.066667,0.000828
53.100000,0.000180
53.133333,-0.000297
53.166667,-0.000437
53.200000,-0.000170
53.233333,0.000430
53.266667,0.001153
53.300000,0.001727
53.333333,0.001911
53.366667,0.001564
53.400000,0.000690
53.433333,-0.000575
53.466667,-0.002005
53.500000,-0.003340
53.533333,-0.004356
53.566667,-0.004914
53.600000,-0.004981
53.633333,-0.004612
53.666667,-0.003911
53.700000,-0.002994
53.733333,-0.001963
53.766667,-0.000898
53.800000,0.000132
53.833333,0.001059
53.866667,0.001823
53.900000,0.002386
53.933333,0.002747
53.966667,0.002941
54.000000,0.003018
54.033333,0.003019
54.066667,0.002966
54.100000,0.002857
54.133333,0.002677
54.166667,0.002415
54.200000,0.002089
54.233333,0.001753
54.266667,0.001491
54.300000,0.001376
54.333333,0.001428
54.366667,0.001583
54.400000,0.001691
54.433333,0.001564
54.466667,0.001035
54.500000,0.000027
54.533333,-0.001414
54.566667,-0.003110
54.600000,-0.004777
54.633333,-0.006095
54.666667,-0.006808
54.700000,-0.006795
54.733333,-0.006091
54.766667,-0.004856
54.800000,-0.003310
54.833333,-0.001660
54.866667,-0.000042
54.900000,0.001479
54.933333,0.002881
54.966667,0.004120
55.000000,0.005099
55.033333,0.005679
55.066667,0.005729
55.100000,0.005191
55.133333,0.004113
55.166667,0.002634
55.200000,0.000963
55.233333,-0.000674
55.266667,-0.002067
55.300000,-0.003059
55.333333,-0.003558
55.366667,-0.003544
55.400000,-0.003064
55.433333,-0.002219
55.466667,-0.001154
55.500000,-0.000040
55.533333,0.000939
55.566667,0.001612
55.600000,0.001854
55.633333,0.001625
55.666667,0.000978
55.700000,0.000051
55.733333,-0.000956
55.766667,-0.001810
55.800000,-0.002293
55.833333,-0.002247
55.866667,-0.001619
55.900000,-0.000490
55.933333,0.000928
55.966667,0.002335
56.000000,0.003417
56.033333,0.003943
56.066667,0.003835
56.100000,0.003172
56.133333,0.002142
56.166667,0.000963
56.200000,-0.000173
56.233333,-0.001125
56.266667,-0.001799
56.300000,-0.002149
56.333333,-0.002185
56.366667,-0.001973
56.400000,-0.001632
56.433333,-0.001306
56.466667,-0.001120
56.500000,-0.001140
56.533333,-0.001343
56.566667,-0.001612
56.600000,-0.001789
56.633333,-0.001742
56.666667,-0.001429
56.700000,-0.000909
56.733333,-0.000305
56.766667,0.000264
56.800000,0.000735
56.833333,0.001116
56.866667,0.001453
56.900000,0.001769
56.933333,0.002025
56.966667,0.002128
57.000000,0.002003
57.033333,0.001655
57.066667,0.001197
57.100000,0.000809
57.133333,0.000642
57.166667,0.000745
57.200000,0.001029
57.233333,0.001312
57.266667,0.001398
57.300000,0.001155
57.333333,0.000552
57.366667,-0.000342
57.400000,-0.001392
57.433333,-0.002448
57.466667,-0.003387
57.500000,-0.004127
57.533333,-0.004613
57.566667,-0.004781
57.600000,-0.004535
57.633333,-0.003767
57.666667,-0.002425
57.700000,-0.000577
57.733333,0.001556
57.766667,0.003649
57.800000,0.005364
57.833333,0.006452
57.866667,0.006809
57.900000,0.006464
57.933333,0.005534
57.966667,0.004168
58.000000,0.002526
58.033333,0.000782
58.066667,-0.000867
58.100000,-0.002227
58.133333,-0.003151
58.166667,-0.003580
58.200000,-0.003551
58.233333,-0.003183
58.266667,-0.002634
58.300000,-0.002068
58.333333,-0.001628
58.366667,-0.001406
58.400000,-0.001431
58.433333,-0.001666
58.466667,-0.002021
58.500000,-0.002381
58.533333,-0.002635
58.566667,-0.002697
58.600000,-0.002504
58.633333,-0.002012
58.666667,-0.001197
58.700000,-0.000077
58.733333,0.001257
58.766667,0.002625
58.800000,0.003789
58.833333,0.004532
58.866667,0.004745
58.900000,0.004468
58.933333,0.003866
58.966667,0.003149
59.000000,0.002488
59.033333,0.001961
59.066667,0.001547
59.100000,0.001172
59.133333,0.000772
59.166667,0.000337
59.200000,-0.000088
59.233333,-0.000441
59.266667,-0.000685
59.300000,-0.000833
59.333333,-0.000942
59.366667,-0.001086
59.400000,-0.001323
59.433333,-0.001677
59.466667,-0.002140
59.500000,-0.002673
59.533333,-0.003210
59.566667,-0.003657
59.600000,-0.003899
59.633333,-0.003816
59.666667,-0.003324
59.700000,-0.002409
59.733333,-0.001147
59.766667,0.000300
59.800000,0.001713
59.833333,0.002858
59.866667,0.003532
59.900000,0.003613
59.933333,0.003105
59.966667,0.002157
60.000000,0.001032
60.033333,0.000019
60.066667,-0.000667
60.100000,-0.000945
60.133333,-0.000865
60.166667,-0.000571
60.200000,-0.000237
60.233333,0.000001
60.266667,0.000086
60.300000,0.000067
60.333333,0.000061
60.366667,0.000196
60.400000,0.000537
60.433333,0.001063
60.466667,0.001681
60.500000,0.002259
60.533333,0.002661
60.566667,0.002766
60.600000,0.002495
60.633333,0.001831
60.666667,0.000837
60.700000,-0.000351
60.733333,-0.001532
60.766667,-0.002482
60.800000,-0.003012
60.833333,-0.003026
60.866667,-0.002566
60.900000,-0.001800
60.933333,-0.000966
60.966667,-0.000301
61.000000,0.000039
61.033333,0.000004
61.066667,-0.000350
61.100000,-0.000895
61.133333,-0.001480
61.166667,-0.001963
61.200000,-0.002223
61.233333,-0.002171
61.266667,-0.001753
61.300000,-0.000960
61.333333,0.000146
61.366667,0.001415
61.400000,0.002626
61.433333,0.003527
61.466667,0.003904
61.500000,0.003650
61.533333,0.002811
61.566667,0.001588
61.600000,0.000288
61.633333,-0.000778
61.666667,-0.001389
61.700000,-0.001480
61.733333,-0.001128
61.766667,-0.000498
61.800000,0.000236
61.833333,0.000948
61.866667,0.001583
61.900000,0.002127
61.933333,0.002546
61.966667,0.002745
62.000000,0.002567
62.033333,0.001875
62.066667,0.000648
62.100000,-0.000968
62.133333,-0.002685
62.166667,-0.004165
62.200000,-0.005118
62.233333,-0.005379
62.266667,-0.004935
62.300000,-0.003925
62.333333,-0.002591
62.366667,-0.001211
62.400000,-0.000022
62.433333,0.000836
62.466667,0.001330
62.500000,0.001514
62.533333,0.001481
62.566667,0.001307
62.600000,0.001034
62.633333,0.000668
62.666667,0.000217
62.700000,-0.000276
62.733333,-0.000709
62.766667,-0.000943
62.800000,-0.000843
62.833333,-0.000329
62.866667,0.000580
62.900000,0.001762
62.933333,0.003019
62.966667,0.004137
63.000000,0.004934
63.033333,0.005286
63.066667,0.005130
63.100000,0.004454
63.133333,0.003303
63.166667,0.001786
63.200000,0.000094
63.233333,-0.001531
63.266667,-0.002848
63.300000,-0.003709
63.333333,-0.004103
63.366667,-0.004152
63.400000,-0.004048
63.433333,-0.003946
63.466667,-0.003884
63.500000,-0.003762
63.533333,-0.003412
63.566667,-0.002713
63.600000,-0.001671
63.633333,-0.000435
63.666667,0.000776
63.700000,0.001757
63.733333,0.002386
63.766667,0.002639
63.800000,0.002570
63.833333,0.002277
63.866667,0.001853
63.900000,0.001361
63.933333,0.000834
63.966667,0.000299
64.000000,-0.000206
64.033333,-0.000619
64.066667,-0.000876
64.100000,-0.000953
64.133333,-0.000896
64.166667,-0.000818
64.200000,-0.000834
64.233333,-0.000989
64.266667,-0.001206
64.300000,-0.001313
64.333333,-0.001127
64.366667,-0.000554
64.400000,0.000371
64.433333,0.001510
64.466667,0.002696
64.500000,0.003768
64.533333,0.004557
64.566667,0.004872
64.600000,0.004525
64.633333,0.003410
64.666667,0.001585
64.700000,-0.000690
64.733333,-0.002992
64.766667,-0.004837
64.800000,-0.005810
64.833333,-0.005682
64.866667,-0.004481
64.900000,-0.002475
64.933333,-0.000099
64.966667,0.002160
65.000000,0.003878
65.033333,0.004758
65.066667,0.004656
65.100000,0.003578
65.133333,0.001684
65.166667,-0.000718
65.200000,-0.003206
65.233333,-0.005308
65.266667,-0.006585
65.300000,-0.006726
65.333333,-0.005645
65.366667,-0.003543
65.400000,-0.000888
65.433333,0.001701
65.466667,0.003641
65.500000,0.004568
65.533333,0.004433
65.566667,0.003498
65.600000,0.002234
65.633333,0.001155
65.666667,0.000644
65.700000,0.000831
65.733333,0.001571
65.766667,0.002524
65.800000,0.003293
65.833333,0.003559
65.866667,0.003176
65.900000,0.002199
65.933333,0.000846
65.966667,-0.000593
66.000000,-0.001869
66.033333,-0.002856
66.066667,-0.003555
66.100000,-0.004049
66.133333,-0.004421
66.166667,-0.004696
66.200000,-0.004814
66.233333,-0.004649
66.266667,-0.004057
66.300000,-0.002954
66.333333,-0.001378
66.366667,0.000470
66.400000,0.002265
66.433333,0.003647
66.466667,0.004345
66.500000,0.004277
66.533333,0.003575
66.566667,0.002537
66.600000,0.001519
66.633333,0.000802
66.666667,0.000498
66.700000,0.000529
66.733333,0.000676
66.766667,0.000682
66.800000,0.000367
66.833333,-0.000287
66.866667,-0.001129
66.900000,-0.001901
66.933333,-0.002354
66.966667,-0.002347
67.000000,-0.001886
67.033333,-0.001087
67.066667,-0.000118
67.100000,0.000861
67.133333,0.001711
67.166667,0.002312
67.200000,0.002558
67.233333,0.002387
67.266667,0.001827
67.300000,0.001011
67.333333,0.000144
67.366667,-0.000569
67.400000,-0.000990
67.433333,-0.001081
67.466667,-0.000894
67.500000,-0.000529
67.533333,-0.000089
67.566667,0.000346
67.600000,0.000712
67.633333,0.000943
67.666667,0.000950
67.700000,0.000641
67.733333,-0.000028
67.766667,-0.000997
67.800000,-0.002087
67.833333,-0.003032
67.866667,-0.003571
67.900000,-0.003528
67.933333,-0.002878
67.966667,-0.001751
68.000000,-0.000403
68.033333,0.000858
68.066667,0.001767
68.100000,0.002173
68.133333,0.002063
68.166667,0.001537
68.200000,0.000759
68.233333,-0.000099
68.266667,-0.000881
68.300000,-0.001456
68.333333,-0.001714
68.366667,-0.001568
68.400000,-0.000978
68.433333,0.000004
68.466667,0.001201
68.500000,0.002326
68.533333,0.003060
68.566667,0.003172
68.600000,0.002615
68.633333,0.001561
68.666667,0.000350
68.700000,-0.000621
68.733333,-0.001028
68.766667,-0.000735
68.800000,0.000170
68.833333,0.001420
68.866667,0.002683
68.900000,0.003667
68.933333,0.004171
68.966667,0.004087
69.000000,0.003374
69.033333,0.002063
69.066667,0.000277
69.100000,-0.001767
69.133333,-0.003780
69.166667,-0.005477
69.200000,-0.006650
69.233333,-0.007234
69.266667,-0.007314
69.300000,-0.007077
69.333333,-0.006696
69.366667,-0.006211
69.400000,-0.005477
69.433333,-0.004234
69.466667,-0.002261
69.500000,0.000456
69.533333,0.003640
69.566667,0.006755
69.600000,0.009171
69.633333,0.010386
69.666667,0.010224
69.700000,0.008892
69.733333,0.006873
69.766667,0.004724
69.800000,0.002872
69.833333,0.001498
69.866667,0.000534
69.900000,-0.000233
69.933333,-0.001033
69.966667,-0.001999
70.000000,-0.003119
70.033333,-0.004248
70.066667,-0.005168
70.100000,-0.005664
70.133333,-0.005598
70.166667,-0.004950
70.200000,-0.003824
70.233333,-0.002430
70.266667,-0.001041
70.300000,0.000071
70.333333,0.000707
70.366667,0.000811
70.400000,0.000497
70.433333,0.000029
70.466667,-0.000270
70.500000,-0.000139
70.533333,0.000504
70.566667,0.001523
70.600000,0.002612
70.633333,0.003416
70.666667,0.003667
70.700000,0.003271
70.733333,0.002331
70.766667,0.001106
70.800000,-0.000078
70.833333,-0.000949
70.866667,-0.001383
70.900000,-0.001413
70.933333,-0.001185
70.966667,-0.000865
71.000000,-0.000577
71.033333,-0.000371
71.066667,-0.000235
71.100000,-0.000130
71.133333,-0.000020
71.166667,0.000104
71.200000,0.000222
71.233333,0.000293
71.266667,0.000279
71.300000,0.000163
71.333333,-0.000023
71.366667,-0.000203
71.400000,-0.000286
71.433333,-0.000195
71.466667,0.000097
71.500000,0.000552
71.533333,0.001064
71.566667,0.001478
71.600000,0.001623
71.633333,0.001368
71.666667,0.000662
71.700000,-0.000436
71.733333,-0.001752
71.766667,-0.003016
71.800000,-0.003924
71.833333,-0.004223
71.866667,-0.003799
71.900000,-0.002729
71.933333,-0.001273
71.966667,0.000207
72.000000,0.001360
72.033333,0.001969
72.066667,0.002025
72.100000,0.001721
72.133333,0.001361
72.166667,0.001240
72.200000,0.001528
72.233333,0.002206
72.266667,0.003075
72.300000,0.003819
72.333333,0.004111
72.366667,0.003714
72.400000,0.002557
72.433333,0.000766
72.466667,-0.001369
72.500000,-0.003469
72.533333,-0.005151
72.566667,-0.006117
72.600000,-0.006209
72.633333,-0.005440
72.666667,-0.003983
72.700000,-0.002131
72.733333,-0.000235
72.766667,0.001367
72.800000,0.002422
72.833333,0.002826
72.866667,0.002648
72.900000,0.002118
72.933333,0.001538
72.966667,0.001188
73.000000,0.001219
73.033333,0.001611
73.066667,0.002183
73.100000,0.002673
73.133333,0.002847
73.166667,0.002603
73.200000,0.002004
73.233333,0.001221
73.266667,0.000448
73.300000,-0.000179
73.333333,-0.000617
73.366667,-0.000904
73.400000,-0.001132
73.433333,-0.001411
73.466667,-0.001827
73.500000,-0.002408
73.533333,-0.003104
73.566667,-0.003774
73.600000,-0.004219
73.633333,-0.004252
73.666667,-0.003783
73.700000,-0.002881
73.733333,-0.001746
73.766667,-0.000631
73.800000,0.000264
73.833333,0.000864
73.866667,0.001228
73.900000,0.001499
73.933333,0.001809
73.966667,0.002209
74.000000,0.002630
74.033333,0.002930
74.066667,0.002962
74.100000,0.002655
74.133333,0.002046
74.166667,0.001280
74.200000,0.000558
74.233333,0.000073
74.266667,-0.000054
74.300000,0.000190
74.333333,0.000711
74.366667,0.001334
74.400000,0.001848
74.433333,0.002070
74.466667,0.001886
74.500000,0.001285
74.533333,0.000352
74.566667,-0.000752
74.600000,-0.001833
74.633333,-0.002706
74.666667,-0.003235
74.700000,-0.003363
74.733333,-0.003110
74.766667,-0.002566
74.800000,-0.001858
74.833333,-0.001118
74.866667,-0.000456
74.900000,0.000059
74.933333,0.000407
74.966667,0.000601
75.000000,0.000671
75.033333,0.000654
75.066667,0.000572
75.100000,0.000431
75.133333,0.000222
75.166667,-0.000054
75.200000,-0.000368
75.233333,-0.000659
75.266667,-0.000851
75.300000,-0.000872
75.333333,-0.000683
75.366667,-0.000280
75.400000,0.000303
75.433333,0.001001
75.466667,0.001716
75.500000,0.002321
75.533333,0.002682
75.566667,0.002691
75.600000,0.002294
75.633333,0.001516
75.666667,0.000462
75.700000,-0.000712
75.733333,-0.001823
75.766667,-0.002699
75.800000,-0.003197
75.833333,-0.003217
75.866667,-0.002720
75.900000,-0.001749
75.933333,-0.000448
75.966667,0.000935
76.000000,0.002097
76.033333,0.002774
76.066667,0.002843
76.100000,0.002385
76.133333,0.001649
76.166667,0.000961
76.200000,0.000585
76.233333,0.000618
76.266667,0.000949
76.300000,0.001323
76.333333,0.001468
76.366667,0.001214
76.400000,0.000557
76.433333,-0.000364
76.466667,-0.001346
76.500000,-0.002221
76.533333,-0.002900
76.566667,-0.003377
76.600000,-0.003686
76.633333,-0.003844
76.666667,-0.003821
76.700000,-0.003541
76.733333,-0.002927
76.766667,-0.001962
76.800000,-0.000729
76.833333,0.000608
76.866667,0.001850
76.900000,0.002828
76.933333,0.003436
76.966667,0.003645
77.000000,0.003486
77.033333,0.003037
77.066667,0.002404
77.100000,0.001711
77.133333,0.001069
77.166667,0.000551
77.200000,0.000178
77.233333,-0.000072
77.266667,-0.000246
77.300000,-0.000388
77.333333,-0.000520
77.366667,-0.000631
77.400000,-0.000684
77.433333,-0.000635
77.466667,-0.000461
77.500000,-0.000180
77.533333,0.000151
77.566667,0.000453
77.600000,0.000647
77.633333,0.000678
77.666667,0.000520
77.700000,0.000187
77.733333,-0.000271
77.766667,-0.000770
77.800000,-0.001200
77.833333,-0.001451
77.866667,-0.001444
77.900000,-0.001166
77.933333,-0.000683
77.966667,-0.000126
78.000000,0.000353
78.033333,0.000627
78.066667,0.000630
78.100000,0.000374
78.133333,-0.000071
78.166667,-0.000603
78.200000,-0.001114
78.233333,-0.001508
78.266667,-0.001707
78.300000,-0.001665
78.333333,-0.001380
78.366667,-0.000907
78.400000,-0.000350
78.433333,0.000172
78.466667,0.000570
78.500000,0.000818
78.533333,0.000957
78.566667,0.001070
78.600000,0.001234
78.633333,0.001477
78.666667,0.001764
78.700000,0.002005
78.733333,0.002107
78.766667,0.002028
78.800000,0.001808
78.833333,0.001541
78.866667,0.001319
78.900000,0.001169
78.933333,0.001027
78.966667,0.000778
79.000000,0.000320
79.033333,-0.000369
79.066667,-0.001201
79.100000,-0.002004
79.133333,-0.002584
79.166667,-0.002808
79.200000,-0.002657
79.233333,-0.002239
79.266667,-0.001742
79.300000,-0.001355
79.333333,-0.001187
79.366667,-0.001221
79.400000,-0.001335
79.433333,-0.001360
79.466667,-0.001157
79.500000,-0.000679
79.533333,0.000013
79.566667,0.000778
79.600000,0.001455
79.633333,0.001921
79.666667,0.002123
79.700000,0.002085
79.733333,0.001882
79.766667,0.001601
79.800000,0.001300
79.833333,0.000998
79.866667,0.000680
79.900000,0.000330
79.933333,-0.000030
79.966667,-0.000343
80.000000,-0.000532
80.033333,-0.000546
80.066667,-0.000393
80.100000,-0.000150
80.133333,0.000070
80.166667,0.000166
80.200000,0.000091
80.233333,-0.000124
80.266667,-0.000390
80.300000,-0.000598
80.333333,-0.000671
80.366667,-0.000593
80.400000,-0.000406
80.433333,-0.000184
80.466667,-0.000000
80.500000,0.000105
80.533333,0.000139
80.566667,0.000153
80.600000,0.000202
80.633333,0.000316
80.666667,0.000467
80.700000,0.000570
80.733333,0.000506
80.766667,0.000186
80.800000,-0.000386
80.833333,-0.001074
80.866667,-0.001633
80.900000,-0.001790
80.933333,-0.001376
80.966667,-0.000419
81.000000,0.000839
81.033333,0.002027
81.066667,0.002784
81.100000,0.002894
81.133333,0.002353
81.166667,0.001353
81.200000,0.000195
81.233333,-0.000842
81.266667,-0.001596
81.300000,-0.002061
81.333333,-0.002340
81.366667,-0.002554
81.400000,-0.002753
81.433333,-0.002883
81.466667,-0.002808
81.500000,-0.002391
81.533333,-0.001578
81.566667,-0.000455
81.600000,0.000760
81.633333,0.001792
81.666667,0.002415
81.700000,0.002542
81.733333,0.002258
81.766667,0.001781
81.800000,0.001373
81.833333,0.001231
81.866667,0.001426
81.900000,0.001889
81.933333,0.002460
81.966667,0.002950
82.000000,0.003188
82.033333,0.003050
82.066667,0.002466
82.100000,0.001433
82.133333,0.000022
82.166667,-0.001603
82.200000,-0.003194
82.233333,-0.004444
82.266667,-0.005056
82.300000,-0.004823
82.333333,-0.003722
82.366667,-0.001957
82.400000,0.000070
82.433333,0.001860
82.466667,0.002958
82.500000,0.003080
82.533333,0.002195
82.566667,0.000528
82.600000,-0.001488
82.633333,-0.003328
82.666667,-0.004514
82.700000,-0.004748
82.733333,-0.004012
82.766667,-0.002572
82.800000,-0.000883
82.833333,0.000568
82.866667,0.001431
82.900000,0.001601
82.933333,0.001226
82.966667,0.000644
83.000000,0.000255
83.033333,0.000377
83.066667,0.001143
83.100000,0.002463
83.133333,0.004056
83.166667,0.005541
83.200000,0.006542
83.233333,0.006774
83.266667,0.006114
83.300000,0.004609
83.333333,0.002465
83.366667,-0.000004
83.400000,-0.002420
83.433333,-0.004411
83.466667,-0.005680
83.500000,-0.006084
83.533333,-0.005675
83.566667,-0.004694
83.600000,-0.003502
83.633333,-0.002472
83.666667,-0.001877
83.700000,-0.001809
83.733333,-0.002161
83.766667,-0.002673
83.800000,-0.003014
83.833333,-0.002886
83.866667,-0.002121
83.900000,-0.000752
83.933333,0.000981
83.966667,0.002714
84.000000,0.004088
84.033333,0.004881
84.066667,0.005085
84.100000,0.004882
84.133333,0.004541
84.166667,0.004274
84.200000,0.004147
84.233333,0.004058
84.266667,0.003802
84.300000,0.003168
84.333333,0.002038
84.366667,0.000440
84.400000,-0.001445
84.433333,-0.003328
84.466667,-0.004884
84.500000,-0.005848
84.533333,-0.006091
84.566667,-0.005657
84.600000,-0.004741
84.633333,-0.003599
84.666667,-0.002455
84.700000,-0.001427
84.733333,-0.000533
84.766667,0.000257
84.800000,0.000949
84.833333,0.001509
84.866667,0.001889
84.900000,0.002060
84.933333,0.002035
84.966667,0.001857
85.000000,0.001579
85.033333,0.001242
85.066667,0.000856
85.100000,0.000404
85.133333,-0.000144
85.166667,-0.000787
85.200000,-0.001453
85.233333,-0.001985
85.266667,-0.002173
85.300000,-0.001829
85.333333,-0.000872
85.366667,0.000612
85.400000,0.002361
85.433333,0.003998
85.466667,0.005133
85.500000,0.005486
85.533333,0.004976
85.566667,0.003745
85.600000,0.002102
85.633333,0.000416
85.666667,-0.001013
85.700000,-0.002031
85.733333,-0.002640
85.766667,-0.002938
85.800000,-0.003052
85.833333,-0.003068
85.866667,-0.003009
85.900000,-0.002845
85.933333,-0.002541
85.966667,-0.002108
86.000000,-0.001633
86.033333,-0.001253
86.066667,-0.001086
86.100000,-0.001155
86.133333,-0.001372
86.166667,-0.001567
86.200000,-0.001563
86.233333,-0.001220
86.266667,-0.000467
86.300000,0.000683
86.333333,0.002103
86.366667,0.003550
86.400000,0.004706
86.433333,0.005267
86.466667,0.005050
86.500000,0.004056
86.533333,0.002477
86.566667,0.000644
86.600000,-0.001059
86.633333,-0.002298
86.666667,-0.002869
86.700000,-0.002752
86.733333,-0.002099
86.766667,-0.001176
86.800000,-0.000277
86.833333,0.000373
86.866667,0.000679
86.900000,0.000687
86.933333,0.000537
86.966667,0.000385
87.000000,0.000344
87.033333,0.000461
87.066667,0.000721
87.100000,0.001055
87.133333,0.001352
87.166667,0.001470
87.200000,0.001271
87.233333,0.000670
87.266667,-0.000310
87.300000,-0.001515
87.333333,-0.002697
87.366667,-0.003594
87.400000,-0.004021
87.433333,-0.003927
87.466667,-0.003390
87.500000,-0.002565
87.533333,-0.001617
87.566667,-0.000667
87.600000,0.000229
87.633333,0.001075
87.666667,0.001902
87.700000,0.002729
87.733333,0.003519
87.766667,0.004170
87.800000,0.004520
87.833333,0.004398
87.866667,0.003683
87.900000,0.002376
87.933333,0.000646
87.966667,-0.001169
88.000000,-0.002642
88.033333,-0.003399
88.066667,-0.003278
88.100000,-0.002409
88.133333,-0.001175
88.166667,-0.000080
88.200000,0.000450
88.233333,0.000216
88.266667,-0.000681
88.300000,-0.001896
88.333333,-0.002967
88.366667,-0.003479
88.400000,-0.003196
88.433333,-0.002134
88.466667,-0.000552
88.500000,0.001132
88.533333,0.002494
88.566667,0.003249
88.600000,0.003351
88.633333,0.002971
88.666667,0.002413
88.700000,0.001974
88.733333,0.001822
88.766667,0.001931
88.800000,0.002108
88.833333,0.002098
88.866667,0.001711
88.900000,0.000904
88.933333,-0.000207
88.966667,-0.001405
89.000000,-0.002452
89.033333,-0.003164
89.066667,-0.003455
89.100000,-0.003351
89.133333,-0.002969
89.166667,-0.002463
89.200000,-0.001958
89.233333,-0.001504
89.266667,-0.001078
89.300000,-0.000618
89.333333,-0.000077
89.366667,0.000550
89.400000,0.001226
89.433333,0.001882
89.466667,0.002440
89.500000,0.002822
89.533333,0.002958
89.566667,0.002812
89.600000,0.002386
89.633333,0.001725
89.666667,0.000900
89.700000,-0.000011
89.733333,-0.000947
89.766667,-0.001849
89.800000,-0.002632
89.833333,-0.003157
89.866667,-0.003257
89.900000,-0.002797
89.933333,-0.001765
89.966667,-0.000319
90.000000,0.001233
90.033333,0.002515
90.066667,0.003196
90.100000,0.003085
90.133333,0.002176
90.166667,0.000649
90.200000,-0.001155
90.233333,-0.002789
90.266667,-0.003798
90.300000,-0.003847
90.333333,-0.002856
90.366667,-0.001062
90.400000,0.001036
90.433333,0.002835
90.466667,0.003838
90.500000,0.003818
90.533333,0.002873
90.566667,0.001381
90.600000,-0.000139
90.633333,-0.001194
90.666667,-0.001467
90.700000,-0.000904
90.733333,0.000283
90.766667,0.001681
90.800000,0.002802
90.833333,0.003239
90.866667,0.002799
90.900000,0.001564
90.933333,-0.000153
90.966667,-0.001931
91.000000,-0.003397
91.033333,-0.004333
91.066667,-0.004694
91.100000,-0.004553
91.133333,-0.004022
91.166667,-0.003190
91.200000,-0.002114
91.233333,-0.000864
91.266667,0.000435
91.300000,0.001589
91.333333,0.002384
91.366667,0.002668
91.400000,0.002421
91.433333,0.001770
91.466667,0.000947
91.500000,0.000207
91.533333,-0.000256
91.566667,-0.000359
91.600000,-0.000131
91.633333,0.000323
91.666667,0.000875
91.700000,0.001422
91.733333,0.001914
91.766667,0.002346
91.800000,0.002719
91.833333,0.002990
91.866667,0.003069
91.900000,0.002837
91.933333,0.002206
91.966667,0.001171
92.000000,-0.000176
92.033333,-0.001656
92.066667,-0.003059
92.100000,-0.004186
92.133333,-0.004890
92.166667,-0.005094
92.200000,-0.004798
92.233333,-0.004071
92.266667,-0.003026
92.300000,-0.001800
92.333333,-0.000539
92.366667,0.000593
92.400000,0.001438
92.433333,0.001879
92.466667,0.001895
92.500000,0.001576
92.533333,0.001093
92.566667,0.000627
92.600000,0.000311
92.633333,0.000198
92.666667,0.000281
92.700000,0.000517
92.733333,0.000852
92.766667,0.001245
92.800000,0.001673
92.833333,0.002130
92.866667,0.002619
92.900000,0.003111
92.933333,0.003521
92.966667,0.003694
93.000000,0.003447
93.033333,0.002643
93.066667,0.001274
93.100000,-0.000505
93.133333,-0.002394
93.166667,-0.004033
93.200000,-0.005101
93.233333,-0.005423
93.266667,-0.005021
93.300000,-0.004114
93.333333,-0.003050
93.366667,-0.002173
93.400000,-0.001699
93.433333,-0.001623
93.466667,-0.001741
93.500000,-0.001759
93.533333,-0.001443
93.566667,-0.000726
93.600000,0.000274
93.633333,0.001325
93.666667,0.002210
93.700000,0.002824
93.733333,0.003190
93.766667,0.003399
93.800000,0.003530
93.833333,0.003601
93.866667,0.003569
93.900000,0.003367
93.933333,0.002945
93.966667,0.002311
94.000000,0.001543
94.033333,0.000762
94.066667,0.000085
94.100000,-0.000424
94.133333,-0.000772
94.166667,-0.001031
94.200000,-0.001291
94.233333,-0.001613
94.266667,-0.001997
94.300000,-0.002391
94.333333,-0.002717
94.366667,-0.002920
94.400000,-0.002984
94.433333,-0.002923
94.466667,-0.002767
94.500000,-0.002526
94.533333,-0.002187
94.566667,-0.001714
94.600000,-0.001081
94.633333,-0.000298
94.666667,0.000584
94.700000,0.001490
94.733333,0.002356
94.766667,0.003157
94.800000,0.003883
94.833333,0.004498
94.866667,0.004888
94.900000,0.004871
94.933333,0.004264
94.966667,0.002992
95.000000,0.001163
95.033333,-0.000923
95.066667,-0.002866
95.100000,-0.004292
95.133333,-0.004962
95.166667,-0.004847
95.200000,-0.004113
95.233333,-0.003049
95.266667,-0.001949
95.300000,-0.001015
95.333333,-0.000320
95.366667,0.000176
95.400000,0.000560
95.433333,0.000899
95.466667,0.001195
95.500000,0.001394
95.533333,0.001422
95.566667,0.001245
95.600000,0.000905
95.633333,0.000525
95.666667,0.000277
95.700000,0.000318
95.733333,0.000731
95.766667,0.001470
95.800000,0.002358
95.833333,0.003113
95.866667,0.003426
95.900000,0.003066
95.933333,0.001984
95.966667,0.000366
96.000000,-0.001406
96.033333,-0.002902
96.066667,-0.003820
96.100000,-0.004094
96.133333,-0.003876
96.166667,-0.003417
96.200000,-0.002917
96.233333,-0.002449
96.266667,-0.001958
96.300000,-0.001342
96.333333,-0.000532
96.366667,0.000448
96.400000,0.001478
96.433333,0.002376
96.466667,0.002958
96.500000,0.003097
96.533333,0.002765
96.566667,0.002047
96.600000,0.001117
96.633333,0.000189
96.666667,-0.000546
96.700000,-0.000973
96.733333,-0.001056
96.766667,-0.000821
96.800000,-0.000331
96.833333,0.000325
96.866667,0.001036
96.900000,0.001676
96.933333,0.002126
96.966667,0.002295
97.000000,0.002145
97.033333,0.001701
97.066667,0.001060
97.100000,0.000367
97.133333,-0.000247
97.166667,-0.000721
97.200000,-0.001086
97.233333,-0.001439
97.266667,-0.001894
97.300000,-0.002513
97.333333,-0.003279
97.366667,-0.004076
97.400000,-0.004720
97.433333,-0.004998
97.466667,-0.004729
97.500000,-0.003830
97.533333,-0.002361
97.566667,-0.000538
97.600000,0.001317
97.633333,0.002866
97.666667,0.003878
97.700000,0.004296
97.733333,0.004245
97.766667,0.003952
97.800000,0.003647
97.833333,0.003472
97.866667,0.003436
97.900000,0.003426
97.933333,0.003268
97.966667,0.002814
98.000000,0.002016
98.033333,0.000968
98.066667,-0.000124
98.100000,-0.001026
98.133333,-0.001573
98.166667,-0.001743
98.200000,-0.001664
98.233333,-0.001568
98.266667,-0.001694
98.300000,-0.002200
98.333333,-0.003089
98.366667,-0.004195
98.400000,-0.005213
98.433333,-0.005786
98.466667,-0.005632
98.500000,-0.004649
98.533333,-0.002974
98.566667,-0.000942
98.600000,0.001039
98.633333,0.002638
98.666667,0.003703
98.700000,0.004269
98.733333,0.004497
98.766667,0.004565
98.800000,0.004587
98.833333,0.004562
98.866667,0.004393
98.900000,0.003948
98.933333,0.003144
98.966667,0.001990
99.000000,0.000593
99.033333,-0.000886
99.066667,-0.002277
99.100000,-0.003434
99.133333,-0.004245
99.166667,-0.004633
99.200000,-0.004565
99.233333,-0.004065
99.266667,-0.003220
99.300000,-0.002161
99.333333,-0.001015
99.366667,0.000122
99.400000,0.001190
99.433333,0.002137
99.466667,0.002881
99.500000,0.003293
99.533333,0.003229
99.566667,0.002602
99.600000,0.001469
99.633333,0.000046
99.666667,-0.001358
99.700000,-0.002453
99.733333,-0.003051
99.766667,-0.003088
99.800000,-0.002605
99.833333,-0.001711
99.866667,-0.000548
99.900000,0.000731
99.933333,0.001967
99.966667,0.002998
100.000000,0.003668
100.033333,0.003840
100.066667,0.003425
100.100000,0.002422
100.133333,0.000950
100.166667,-0.000746
100.200000,-0.002339
100.233333,-0.003501
100.266667,-0.004004
100.300000,-0.003778
100.333333,-0.002931
100.366667,-0.001703
100.400000,-0.000380
100.433333,0.000787
100.466667,0.001651
100.500000,0.002184
100.533333,0.002444
100.566667,0.002514
100.600000,0.002458
100.633333,0.002295
100.666667,0.002006
100.700000,0.001553
100.733333,0.000917
100.766667,0.000135
100.800000,-0.000694
100.833333,-0.001433
100.866667,-0.001958
100.900000,-0.002201
100.933333,-0.002152
100.966667,-0.001857
101.000000,-0.001404
101.033333,-0.000912
101.066667,-0.000500
101.100000,-0.000261
101.133333,-0.000237
101.166667,-0.000416
101.200000,-0.000742
101.233333,-0.001134
101.266667,-0.001501
101.300000,-0.001762
101.333333,-0.001850
101.366667,-0.001717
101.400000,-0.001333
101.433333,-0.000679
101.466667,0.000238
101.500000,0.001371
101.533333,0.002604
101.566667,0.003730
101.600000,0.004489
101.633333,0.004643
101.666667,0.004077
101.700000,0.002856
101.733333,0.001212
101.766667,-0.000515
101.800000,-0.001957
101.833333,-0.002807
101.866667,-0.002882
101.900000,-0.002169
101.933333,-0.000840
101.966667,0.000780
102.000000,0.002286
102.033333,0.003306
102.066667,0.003615
102.100000,0.003189
102.133333,0.002198
102.166667,0.000929
102.200000,-0.000315
102.233333,-0.001303
102.266667,-0.001933
102.300000,-0.002230
102.333333,-0.002310
102.366667,-0.002330
102.400000,-0.002434
102.433333,-0.002716
102.466667,-0.003185
102.500000,-0.003758
102.533333,-0.004276
102.566667,-0.004546
102.600000,-0.004388
102.633333,-0.003680
102.666667,-0.002398
102.700000,-0.000641
102.733333,0.001364
102.766667,0.003299
102.800000,0.004834
102.833333,0.005719
102.866667,0.005859
102.900000,0.005320
102.933333,0.004291
102.966667,0.003006
103.000000,0.001672
103.033333,0.000428
103.066667,-0.000645
103.100000,-0.001487
103.133333,-0.002011
103.166667,-0.002102
103.200000,-0.001653
103.233333,-0.000650
103.266667,0.000765
103.300000,0.002288
103.333333,0.003518
103.366667,0.004076
103.400000,0.003729
103.433333,0.002479
103.466667,0.000575
103.500000,-0.001541
103.533333,-0.003354
103.566667,-0.004442
103.600000,-0.004605
103.633333,-0.003928
103.666667,-0.002739
103.700000,-0.001486
103.733333,-0.000577
103.766667,-0.000255
103.800000,-0.000534
103.833333,-0.001219
103.866667,-0.001975
103.900000,-0.002448
103.933333,-0.002383
103.966667,-0.001709
104.000000,-0.000554
104.033333,0.000815
104.066667,0.002096
104.100000,0.003046
104.133333,0.003534
104.166667,0.003552
104.200000,0.003185
104.233333,0.002565
104.266667,0.001834
104.300000,0.001117
104.333333,0.000503
104.366667,0.000042
104.400000,-0.000243
104.433333,-0.000343
104.466667,-0.000257
104.500000,0.000004
104.533333,0.000396
104.566667,0.000822
104.600000,0.001132
104.633333,0.001162
104.666667,0.000788
104.700000,-0.000015
104.733333,-0.001143
104.766667,-0.002392
104.800000,-0.003524
104.833333,-0.004352
104.866667,-0.004785
104.900000,-0.004817
104.933333,-0.004487
104.966667,-0.003827
105.000000,-0.002852
105.033333,-0.001566
105.066667,-0.000002
105.100000,0.001754
105.133333,0.003551
105.166667,0.005183
105.200000,0.006434
105.233333,0.007127
105.266667,0.007168
105.300000,0.006566
105.333333,0.005420
105.366667,0.003878
105.400000,0.002113
105.433333,0.000305
105.466667,-0.001363
105.500000,-0.002716
105.533333,-0.003612
105.566667,-0.003981
105.600000,-0.003874
105.633333,-0.003469
105.666667,-0.003028
105.700000,-0.002815
105.733333,-0.002981
105.766667,-0.003499
105.800000,-0.004159
105.833333,-0.004654
105.866667,-0.004706
105.900000,-0.004183
105.933333,-0.003141
105.966667,-0.001784
106.000000,-0.000347
106.033333,0.001023
106.066667,0.002311
106.100000,0.003573
106.133333,0.004810
106.166667,0.005890
106.200000,0.006581
106.233333,0.006687
106.266667,0.006179
106.300000,0.005240
106.333333,0.004191
106.366667,0.003329
106.400000,0.002779
106.433333,0.002423
106.466667,0.001962
106.500000,0.001060
106.533333,-0.000477
106.566667,-0.002584
106.600000,-0.004928
106.633333,-0.006997
106.666667,-0.008243
106.700000,-0.008263
106.733333,-0.006938
106.766667,-0.004507
106.800000,-0.001530
106.833333,0.001279
106.866667,0.003272
106.900000,0.004049
106.933333,0.003547
106.966667,0.002007
107.000000,-0.000115
107.033333,-0.002271
107.066667,-0.003952
107.100000,-0.004806
107.133333,-0.004707
107.166667,-0.003752
107.200000,-0.002190
107.233333,-0.000329
107.266667,0.001538
107.300000,0.003174
107.333333,0.004409
107.366667,0.005147
107.400000,0.005354
107.433333,0.005057
107.466667,0.004338
107.500000,0.003332
107.533333,0.002215
107.566667,0.001177
107.600000,0.000375
107.633333,-0.000112
107.666667,-0.000314
107.700000,-0.000352
107.733333,-0.000378
107.766667,-0.000500
107.800000,-0.000733
107.833333,-0.000990
107.866667,-0.001125
107.900000,-0.001005
107.933333,-0.000584
107.966667,0.000053
108.000000,0.000682
108.033333,0.000992
108.066667,0.000675
108.100000,-0.000453
108.133333,-0.002352
108.166667,-0.004709
108.200000,-0.006976
108.233333,-0.008496
108.266667,-0.008689
108.300000,-0.007254
108.333333,-0.004310
108.366667,-0.000414
108.400000,0.003567
108.433333,0.006734
108.466667,0.008456
108.500000,0.008574
108.533333,0.007412
108.566667,0.005597
108.600000,0.003805
108.633333,0.002520
108.666667,0.001898
108.700000,0.001774
108.733333,0.001783
108.766667,0.001547
108.800000,0.000840
108.833333,-0.000335
108.866667,-0.001769
108.900000,-0.003143
108.933333,-0.004147
108.966667,-0.004586
109.000000,-0.004443
109.033333,-0.003867
109.066667,-0.003105
109.100000,-0.002411
109.133333,-0.001962
109.166667,-0.001819
109.200000,-0.001920
109.233333,-0.002102
109.266667,-0.002156
109.300000,-0.001895
109.333333,-0.001222
109.366667,-0.000162
109.400000,0.001152
109.433333,0.002520
109.466667,0.003722
109.500000,0.004563
109.533333,0.004899
109.566667,0.004669
109.600000,0.003928
109.633333,0.002856
109.666667,0.001741
109.700000,0.000903
109.733333,0.000586
109.766667,0.000865
109.800000,0.001609
109.833333,0.002510
109.866667,0.003171
109.900000,0.003230
109.933333,0.002477
109.966667,0.000931
110.000000,-0.001168
110.033333,-0.003439
110.066667,-0.005481
110.100000,-0.006966
110.133333,-0.007692
110.166667,-0.007600
110.200000,-0.006766
110.233333,-0.005374
110.266667,-0.003665
110.300000,-0.001880
110.333333,-0.000211
110.366667,0.001214
110.400000,0.002329
110.433333,0.003131
110.466667,0.003664
110.500000,0.003996
110.533333,0.004169
110.566667,0.004155
110.600000,0.003861
110.633333,0.003181
110.666667,0.002080
110.700000,0.000664
110.733333,-0.000813
110.766667,-0.002009
110.800000,-0.002619
110.833333,-0.002497
110.866667,-0.001736
110.900000,-0.000643
110.933333,0.000366
110.966667,0.000931
111.000000,0.000889
111.033333,0.000345
111.066667,-0.000369
111.100000,-0.000840
111.133333,-0.000774
111.166667,-0.000128
111.200000,0.000866
111.233333,0.001820
111.266667,0.002367
111.300000,0.002325
111.333333,0.001766
111.366667,0.000972
111.400000,0.000301
111.433333,0.000025
111.466667,0.000217
111.500000,0.000730
111.533333,0.001259
111.566667,0.001463
111.600000,0.001076
111.633333,0.000006
111.666667,-0.001635
111.700000,-0.003538
111.733333,-0.005270
111.766667,-0.006373
111.800000,-0.006496
111.833333,-0.005507
111.866667,-0.003551
111.900000,-0.001040
111.933333,0.001460
111.966667,0.003370
112.000000,0.004273
112.033333,0.004029
112.066667,0.002805
112.100000,0.001014
112.133333,-0.000822
112.166667,-0.002209
112.200000,-0.002811
112.233333,-0.002503
112.266667,-0.001374
112.300000,0.000320
112.333333,0.002218
112.366667,0.003928
112.400000,0.005106
112.433333,0.005537
112.466667,0.005187
112.500000,0.004200
112.533333,0.002830
112.566667,0.001338
112.600000,-0.000092
112.633333,-0.001374
112.666667,-0.002472
112.700000,-0.003332
112.733333,-0.003845
112.766667,-0.003873
112.800000,-0.003329
112.833333,-0.002250
112.866667,-0.000835
112.900000,0.000594
112.933333,0.001682
112.966667,0.002151
113.000000,0.001897
113.033333,0.001030
113.066667,-0.000149
113.100000,-0.001248
113.133333,-0.001904
113.166667,-0.001899
113.200000,-0.001231
113.233333,-0.000115
113.266667,0.001086
113.300000,0.001979
113.333333,0.002271
113.366667,0.001862
113.400000,0.000875
113.433333,-0.000383
113.466667,-0.001526
113.500000,-0.002234
113.533333,-0.002373
113.566667,-0.002033
113.600000,-0.001470
113.633333,-0.000972
113.666667,-0.000743
113.700000,-0.000840
113.733333,-0.001193
113.766667,-0.001658
113.800000,-0.002081
113.833333,-0.002329
113.866667,-0.002296
113.900000,-0.001897
113.933333,-0.001085
113.966667,0.000110
114.000000,0.001558
114.033333,0.003046
114.066667,0.004343
114.100000,0.005275
114.133333,0.005755
114.166667,0.005778
114.200000,0.005398
114.233333,0.004710
114.266667,0.003836
114.300000,0.002905
114.333333,0.002020
114.366667,0.001219
114.400000,0.000462
114.433333,-0.000330
114.466667,-0.001213
114.500000,-0.002158
114.533333,-0.003051
114.566667,-0.003742
114.600000,-0.004114
114.633333,-0.004120
114.666667,-0.003800
114.700000,-0.003266
114.733333,-0.002678
114.766667,-0.002206
114.800000,-0.001979
114.833333,-0.002036
114.866667,-0.002293
114.900000,-0.002582
114.933333,-0.002723
114.966667,-0.002602
115.000000,-0.002213
115.033333,-0.001653
115.066667,-0.001082
115.100000,-0.000654
115.133333,-0.000443
115.166667,-0.000380
115.200000,-0.000251
115.233333,0.000229
115.266667,0.001291
115.300000,0.002974
115.333333,0.005083
115.366667,0.007230
115.400000,0.008947
115.433333,0.009811
115.466667,0.009537
115.500000,0.008057
115.533333,0.005551
115.566667,0.002431
115.600000,-0.000753
115.633333,-0.003466
115.666667,-0.005333
115.700000,-0.006227
115.733333,-0.006264
115.766667,-0.005714
115.800000,-0.004864
115.833333,-0.003915
115.866667,-0.002942
115.900000,-0.001945
115.933333,-0.000933
115.966667,0.000001
116.000000,0.000688
116.033333,0.000965
116.066667,0.000769
116.100000,0.000199
116.133333,-0.000503
116.166667,-0.001048
116.200000,-0.001209
116.233333,-0.000914
116.266667,-0.000259
116.300000,0.000529
116.333333,0.001185
116.366667,0.001499
116.400000,0.001391
116.433333,0.000935
116.466667,0.000323
116.500000,-0.000212
116.533333,-0.000483
116.566667,-0.000412
116.600000,-0.000051
116.633333,0.000443
116.666667,0.000860
116.700000,0.001015
116.733333,0.000811
116.766667,0.000277
116.800000,-0.000442
116.833333,-0.001136
116.866667,-0.001592
116.900000,-0.001653
116.933333,-0.001262
116.966667,-0.000474
117.000000,0.000553
117.033333,0.001593
117.066667,0.002413
117.100000,0.002829
117.133333,0.002772
117.166667,0.002298
117.200000,0.001573
117.233333,0.000811
117.266667,0.000201
117.300000,-0.000154
117.333333,-0.000271
117.366667,-0.000261
117.400000,-0.000279
117.433333,-0.000448
117.466667,-0.000812
117.500000,-0.001315
117.533333,-0.001828
117.566667,-0.002205
117.600000,-0.002352
117.633333,-0.002255
117.666667,-0.001985
117.700000,-0.001644
117.733333,-0.001311
117.766667,-0.001005
117.800000,-0.000694
117.833333,-0.000334
117.866667,0.000084
117.900000,0.000521
117.933333,0.000906
117.966667,0.001186
118.000000,0.001364
118.033333,0.001498
118.066667,0.001664
118.100000,0.001891
118.133333,0.002125
118.166667,0.002245
118.200000,0.002116
118.233333,0.001669
118.266667,0.000949
118.300000,0.000108
118.333333,-0.000650
118.366667,-0.001142
118.400000,-0.001266
118.433333,-0.001034
118.466667,-0.000567
118.500000,-0.000065
118.533333,0.000263
118.566667,0.000269
118.600000,-0.000068
118.633333,-0.000622
118.666667,-0.001154
118.700000,-0.001401
118.733333,-0.001187
118.766667,-0.000525
118.800000,0.000370
118.833333,0.001146
118.866667,0.001447
118.900000,0.001041
118.933333,-0.000089
118.966667,-0.001726
119.000000,-0.003455
119.033333,-0.004769
119.066667,-0.005232
119.100000,-0.004614
119.133333,-0.002985
119.166667,-0.000697
119.200000,0.001713
119.233333,0.003702
119.266667,0.004889
119.300000,0.005157
119.333333,0.004646
119.366667,0.003659
119.400000,0.002533
119.433333,0.001530
119.466667,0.000782
119.500000,0.000291
119.533333,-0.000027
119.566667,-0.000277
119.600000,-0.000530
119.633333,-0.000784
119.666667,-0.000970
119.700000,-0.000979
119.733333,-0.000727
119.766667,-0.000214
119.800000,0.000435
119.833333,0.000994
119.866667,0.001202
119.900000,0.000878
119.933333,0.000011
119.966667,-0.001202
120.000000,-0.002407
120.033333,-0.003221
120.066667,-0.003371
120.100000,-0.002793
120.133333,-0.001628
120.166667,-0.000160
120.200000,0.001266
120.233333,0.002335
120.266667,0.002822
120.300000,0.002653
120.333333,0.001926
120.366667,0.000884
120.400000,-0.000161
120.433333,-0.000950
120.466667,-0.001378
120.500000,-0.001524
120.533333,-0.001591
120.566667,-0.001790
120.600000,-0.002221
120.633333,-0.002807
120.666667,-0.003318
120.700000,-0.003457
120.733333,-0.002972
120.766667,-0.001759
120.800000,0.000096
120.833333,0.002335
120.866667,0.004591
120.900000,0.006456
120.933333,0.007560
120.966667,0.007649
121.000000,0.006653
121.033333,0.004730
121.066667,0.002246
121.100000,-0.000323
121.133333,-0.002521
121.166667,-0.004039
121.200000,-0.004783
121.233333,-0.004845
121.266667,-0.004419
121.300000,-0.003713
121.333333,-0.002892
121.366667,-0.002065
121.400000,-0.001304
121.433333,-0.000655
121.466667,-0.000145
121.500000,0.000220
121.533333,0.000458
121.566667,0.000609
121.600000,0.000717
121.633333,0.000810
121.666667,0.000890
121.700000,0.000945
121.733333,0.000968
121.766667,0.000970
121.800000,0.000985
121.833333,0.001065
121.866667,0.001264
121.900000,0.001604
121.933333,0.002042
121.966667,0.002453
122.000000,0.002651
122.033333,0.002450
122.066667,0.001729
122.100000,0.000494
122.133333,-0.001099
122.166667,-0.002760
122.200000,-0.004134
122.233333,-0.004892
122.266667,-0.004825
122.300000,-0.003925
122.333333,-0.002402
122.366667,-0.000631
122.400000,0.000952
122.433333,0.001987
122.466667,0.002294
122.500000,0.001909
122.533333,0.001048
122.566667,0.000015
122.600000,-0.000898
122.633333,-0.001493
122.666667,-0.001689
122.700000,-0.001507
122.733333,-0.001026
122.766667,-0.000340
122.800000,0.000454
122.833333,0.001252
122.866667,0.001927
122.900000,0.002336
122.933333,0.002352
122.966667,0.001910
123.000000,0.001060
123.033333,-0.000013
123.066667,-0.001016
123.100000,-0.001621
123.133333,-0.001575
123.166667,-0.000801
123.200000,0.000550
123.233333,0.002138
123.266667,0.003540
123.300000,0.004384
123.333333,0.004456
123.366667,0.003749
123.400000,0.002450
123.433333,0.000873
123.466667,-0.000645
123.500000,-0.001851
123.533333,-0.002637
123.566667,-0.003053
123.600000,-0.003249
123.633333,-0.003396
123.666667,-0.003614
123.700000,-0.003921
123.733333,-0.004233
123.766667,-0.004392
123.800000,-0.004231
123.833333,-0.003645
123.866667,-0.002643
123.900000,-0.001339
123.933333,0.000099
123.966667,0.001513
124.000000,0.002791
124.033333,0.003862
124.066667,0.004677
124.100000,0.005193
124.133333,0.005366
124.166667,0.005150
124.200000,0.004527
124.233333,0.003526
124.266667,0.002255
124.300000,0.000894
124.333333,-0.000346
124.366667,-0.001283
124.400000,-0.001838
124.433333,-0.002074
124.466667,-0.002169
124.500000,-0.002333
124.533333,-0.002697
124.566667,-0.003242
124.600000,-0.003799
124.633333,-0.004119
124.666667,-0.003975
124.700000,-0.003262
124.733333,-0.002050
124.766667,-0.000552
124.800000,0.000946
124.833333,0.002187
124.866667,0.003010
124.900000,0.003383
124.933333,0.003387
124.966667,0.003175
125.000000,0.002907
125.033333,0.002692
125.066667,0.002547
125.100000,0.002404
125.133333,0.002158
125.166667,0.001725
125.200000,0.001092
125.233333,0.000337
125.266667,-0.000400
125.300000,-0.000958
125.333333,-0.001203
125.366667,-0.001080
125.400000,-0.000653
125.433333,-0.000116
125.466667,0.000241
125.500000,0.000135
125.533333,-0.000582
125.566667,-0.001829
125.600000,-0.003301
125.633333,-0.004591
125.666667,-0.005352
125.700000,-0.005418
125.733333,-0.004843
125.766667,-0.003848
125.800000,-0.002725
125.833333,-0.001726
125.866667,-0.000985
125.900000,-0.000493
125.933333,-0.000133
125.966667,0.000255
126.000000,0.000813
126.033333,0.001614
126.066667,0.002651
126.100000,0.003832
126.133333,0.005006
126.166667,0.005985
126.200000,0.006574
126.233333,0.006610
126.266667,0.006008
126.300000,0.004818
126.333333,0.003253
126.366667,0.001655
126.400000,0.000390
126.433333,-0.000295
126.466667,-0.000390
126.500000,-0.000131
126.533333,0.000086
126.566667,-0.000117
126.600000,-0.000939
126.633333,-0.002297
126.666667,-0.003853
126.700000,-0.005159
126.733333,-0.005835
126.766667,-0.005706
126.800000,-0.004842
126.833333,-0.003521
126.866667,-0.002136
126.900000,-0.001071
126.933333,-0.000577
126.966667,-0.000703
127.000000,-0.001298
127.033333,-0.002066
127.066667,-0.002660
127.100000,-0.002775
127.133333,-0.002224
127.166667,-0.001002
127.200000,0.000711
127.233333,0.002595
127.266667,0.004287
127.300000,0.005471
127.333333,0.005949
127.366667,0.005686
127.400000,0.004816
127.433333,0.003620
127.466667,0.002436
127.500000,0.001532
127.533333,0.001004
127.566667,0.000751
127.600000,0.000562
127.633333,0.000250
127.666667,-0.000246
127.700000,-0.000834
127.733333,-0.001328
127.766667,-0.001550
127.800000,-0.001428
127.833333,-0.001019
127.866667,-0.000485
127.900000,-0.000029
127.933333,0.000173
127.966667,0.000023
128.000000,-0.000481
128.033333,-0.001258
128.066667,-0.002182
128.100000,-0.003120
128.133333,-0.003948
128.166667,-0.004544
128.200000,-0.004772
128.233333,-0.004488
128.266667,-0.003590
128.300000,-0.002084
128.333333,-0.000138
128.366667,0.001926
128.400000,0.003712
128.433333,0.004882
128.466667,0.005280
128.500000,0.004967
128.533333,0.004167
128.566667,0.003159
128.600000,0.002171
128.633333,0.001326
128.666667,0.000638
128.700000,0.000043
128.733333,-0.000547
128.766667,-0.001168
128.800000,-0.001762
128.833333,-0.002173
128.866667,-0.002213
128.900000,-0.001763
128.933333,-0.000848
128.966667,0.000357
129.000000,0.001579
129.033333,0.002532
129.066667,0.002988
129.100000,0.002815
129.133333,0.001999
129.166667,0.000653
129.200000,-0.000995
129.233333,-0.002636
129.266667,-0.003944
129.300000,-0.004652
129.333333,-0.004618
129.366667,-0.003872
129.400000,-0.002628
129.433333,-0.001226
129.466667,-0.000017
129.500000,0.000755
129.533333,0.001036
129.566667,0.000955
129.600000,0.000748
129.633333,0.000636
129.666667,0.000732
129.700000,0.001025
129.733333,0.001431
129.766667,0.001867
129.800000,0.002280
129.833333,0.002639
129.866667,0.002905
129.900000,0.003007
129.933333,0.002860
129.966667,0.002408
130.000000,0.001674
130.033333,0.000778
130.066667,-0.000106
130.100000,-0.000821
130.133333,-0.001291
130.166667,-0.001540
130.200000,-0.001668
130.233333,-0.001793
130.266667,-0.002009
130.300000,-0.002348
130.333333,-0.002776
130.366667,-0.003199
130.400000,-0.003506
130.433333,-0.003614
130.466667,-0.003504
130.500000,-0.003203
130.533333,-0.002736
130.566667,-0.002076
130.600000,-0.001158
130.633333,0.000065
130.666667,0.001531
130.700000,0.003035
130.733333,0.004267
130.766667,0.004914
130.800000,0.004807
130.833333,0.004011
130.866667,0.002836
130.900000,0.001729
130.933333,0.001083
130.966667,0.001074
131.000000,0.001591
131.033333,0.002285
131.066667,0.002719
131.100000,0.002544
131.133333,0.001647
131.166667,0.000208
131.200000,-0.001369
131.233333,-0.002611
131.266667,-0.003152
131.300000,-0.002865
131.333333,-0.001902
131.366667,-0.000626
131.400000,0.000515
131.433333,0.001144
131.466667,0.001065
131.500000,0.000308
131.533333,-0.000901
131.566667,-0.002226
131.600000,-0.003343
131.633333,-0.004039
131.666667,-0.004280
131.700000,-0.004193
131.733333,-0.003973
131.766667,-0.003773
131.800000,-0.003602
131.833333,-0.003306
131.866667,-0.002625
131.900000,-0.001329
131.933333,0.000644
131.966667,0.003100
132.000000,0.005602
132.033333,0.007605
132.066667,0.008637
132.100000,0.008459
132.133333,0.007133
132.166667,0.004978
132.200000,0.002463
132.233333,0.000080
132.266667,-0.001777
132.300000,-0.002879
132.333333,-0.003180
132.366667,-0.002800
132.400000,-0.001973
132.433333,-0.000987
132.466667,-0.000116
132.500000,0.000438
132.533333,0.000588
132.566667,0.000359
132.600000,-0.000133
132.633333,-0.000729
132.666667,-0.001278
132.700000,-0.001671
132.733333,-0.001853
132.766667,-0.001825
132.800000,-0.001638
132.833333,-0.001376
132.866667,-0.001137
132.900000,-0.001001
132.933333,-0.001001
132.966667,-0.001113
133.000000,-0.001265
133.033333,-0.001368
133.066667,-0.001330
133.100000,-0.001085
133.133333,-0.000606
133.166667,0.000064
133.200000,0.000825
133.233333,0.001557
133.266667,0.002172
133.300000,0.002661
133.333333,0.003072
133.366667,0.003458
133.400000,0.003803
133.433333,0.003987
133.466667,0.003804
133.500000,0.003065
133.533333,0.001719
133.566667,-0.000056
133.600000,-0.001885
133.633333,-0.003340
133.666667,-0.004115
133.700000,-0.004134
133.733333,-0.003546
133.766667,-0.002627
133.800000,-0.001670
133.833333,-0.000883
133.866667,-0.000348
133.900000,-0.000039
133.933333,0.000124
133.966667,0.000204
134.000000,0.000224
134.033333,0.000175
134.066667,0.000060
134.100000,-0.000082
134.133333,-0.000179
134.166667,-0.000162
134.200000,0.000013
134.233333,0.000342
134.266667,0.000783
134.300000,0.001266
134.333333,0.001710
134.366667,0.002037
134.400000,0.002195
134.433333,0.002180
134.466667,0.002033
134.500000,0.001813
134.533333,0.001546
134.566667,0.001186
134.600000,0.000634
134.633333,-0.000192
134.666667,-0.001260
134.700000,-0.002401
134.733333,-0.003357
134.766667,-0.003881
134.800000,-0.003836
134.833333,-0.003246
134.866667,-0.002293
134.900000,-0.001262
134.933333,-0.000453
134.966667,-0.000070
135.000000,-0.000132
135.033333,-0.000457
135.066667,-0.000731
135.100000,-0.000660
135.133333,-0.000111
135.166667,0.000817
135.200000,0.001827
135.233333,0.002563
135.266667,0.002766
135.300000,0.002387
135.333333,0.001615
135.366667,0.000795
135.400000,0.000282
135.433333,0.000275
135.466667,0.000724
135.500000,0.001356
135.533333,0.001806
135.566667,0.001786
135.600000,0.001204
135.633333,0.000206
135.666667,-0.000888
135.700000,-0.001702
135.733333,-0.001949
135.766667,-0.001527
135.800000,-0.000551
135.833333,0.000689
135.866667,0.001829
135.900000,0.002536
135.933333,0.002602
135.966667,0.001995
136.000000,0.000858
136.033333,-0.000542
136.066667,-0.001888
136.100000,-0.002903
136.133333,-0.003429
136.166667,-0.003455
136.200000,-0.003092
136.233333,-0.002505
136.266667,-0.001845
136.300000,-0.001210
136.333333,-0.000645
136.366667,-0.000183
136.400000,0.000130
136.433333,0.000236
136.466667,0.000089
136.500000,-0.000317
136.533333,-0.000937
136.566667,-0.001669
136.600000,-0.002354
136.633333,-0.002781
136.666667,-0.002726
136.700000,-0.002004
136.733333,-0.000544
136.766667,0.001557
136.800000,0.004012
136.833333,0.006382
136.866667,0.008186
136.900000,0.009035
136.933333,0.008741
136.966667,0.007355
137.000000,0.005143
137.033333,0.002511
137.066667,-0.000079
137.100000,-0.002213
137.133333,-0.003610
137.166667,-0.004189
137.200000,-0.004078
137.233333,-0.003561
137.266667,-0.002980
137.300000,-0.002629
137.333333,-0.002669
137.366667,-0.003089
137.400000,-0.003714
137.433333,-0.004264
137.466667,-0.004459
137.500000,-0.004126
137.533333,-0.003262
137.566667,-0.002024
137.600000,-0.000664
137.633333,0.000558
137.666667,0.001457
137.700000,0.001961
137.733333,0.002112
137.766667,0.002037
137.800000,0.001905
137.833333,0.001877
137.866667,0.002054
137.900000,0.002451
137.933333,0.002988
137.966667,0.003524
138.000000,0.003889
138.033333,0.003936
138.066667,0.003568
138.100000,0.002772
138.133333,0.001635
138.166667,0.000338
138.200000,-0.000892
138.233333,-0.001844
138.266667,-0.002387
138.300000,-0.002506
138.333333,-0.002285
138.366667,-0.001867
138.400000,-0.001403
138.433333,-0.001027
138.466667,-0.000853
138.500000,-0.000960
138.533333,-0.001379
138.566667,-0.002058
138.600000,-0.002858
138.633333,-0.003572
138.666667,-0.003976
138.700000,-0.003905
138.733333,-0.003310
138.766667,-0.002291
138.800000,-0.001070
138.833333,0.000082
138.866667,0.000950
138.900000,0.001473
138.933333,0.001764
138.966667,0.002068
139.000000,0.002653
139.033333,0.003669
139.066667,0.005051
139.100000,0.006498
139.133333,0.007551
139.166667,0.007768
139.200000,0.006891
139.233333,0.004957
139.266667,0.002278
139.300000,-0.000656
139.333333,-0.003328
139.366667,-0.005327
139.400000,-0.006422
139.433333,-0.006580
139.466667,-0.005929
139.500000,-0.004694
139.533333,-0.003154
139.566667,-0.001589
139.600000,-0.000235
139.633333,0.000756
139.666667,0.001341
139.700000,0.001568
139.733333,0.001530
139.766667,0.001305
139.800000,0.000914
139.833333,0.000313
139.866667,-0.000576
139.900000,-0.001794
139.933333,-0.003273
139.966667,-0.004790
140.000000,-0.005984
140.033333,-0.006447
140.066667,-0.005857
140.100000,-0.004106
140.133333,-0.001353
140.166667,0.001984
140.200000,0.005330
140.233333,0.008087
140.266667,0.009792
140.300000,0.010223
140.333333,0.009429
140.366667,0.007679
140.400000,0.005369
140.433333,0.002913
140.466667,0.000668
140.500000,-0.001111
140.533333,-0.002302
140.566667,-0.002926
140.600000,-0.003132
140.633333,-0.003133
140.666667,-0.003119
140.700000,-0.003189
140.733333,-0.003323
140.766667,-0.003415
140.800000,-0.003338
140.833333,-0.003017
140.866667,-0.002478
140.900000,-0.001837
140.933333,-0.001242
140.966667,-0.000791
141.000000,-0.000493
141.033333,-0.000276
141.066667,-0.000051
141.100000,0.000236
141.133333,0.000563
141.166667,0.000845
141.200000,0.000977
141.233333,0.000884
141.266667,0.000547
141.300000,0.000016
141.333333,-0.000602
141.366667,-0.001147
141.400000,-0.001428
141.433333,-0.001259
141.466667,-0.000530
141.500000,0.000728
141.533333,0.002296
141.566667,0.003800
141.600000,0.004811
141.633333,0.005009
141.666667,0.004327
141.700000,0.003005
141.733333,0.001508
141.766667,0.000330
141.800000,-0.000221
141.833333,-0.000144
141.866667,0.000275
141.900000,0.000607
141.933333,0.000482
141.966667,-0.000242
142.000000,-0.001426
142.033333,-0.002722
142.066667,-0.003727
142.100000,-0.004152
142.133333,-0.003925
142.166667,-0.003208
142.200000,-0.002308
142.233333,-0.001557
142.266667,-0.001181
142.300000,-0.001240
142.333333,-0.001612
142.366667,-0.002046
142.400000,-0.002237
142.433333,-0.001941
142.466667,-0.001059
142.500000,0.000312
142.533333,0.001901
142.566667,0.003355
142.600000,0.004360
142.633333,0.004751
142.666667,0.004552
142.700000,0.003939
142.733333,0.003153
142.766667,0.002402
142.800000,0.001789
142.833333,0.001297
142.866667,0.000845
142.900000,0.000368
142.933333,-0.000121
142.966667,-0.000531
143.000000,-0.000752
143.033333,-0.000733
143.066667,-0.000535
143.100000,-0.000320
143.133333,-0.000306
143.166667,-0.000679
143.200000,-0.001518
143.233333,-0.002742
143.266667,-0.004114
143.300000,-0.005286
143.333333,-0.005900
143.366667,-0.005694
143.400000,-0.004591
143.433333,-0.002730
143.466667,-0.000441
143.500000,0.001823
143.533333,0.003607
143.566667,0.004586
143.600000,0.004664
143.633333,0.004005
143.666667,0.002958
143.700000,0.001928
143.733333,0.001238
143.766667,0.001036
143.800000,0.001265
143.833333,0.001707
143.866667,0.002055
143.900000,0.002026
143.933333,0.001460
143.966667,0.000381
144.000000,-0.000988
144.033333,-0.002287
144.066667,-0.003131
144.100000,-0.003252
144.133333,-0.002613
144.166667,-0.001447
144.200000,-0.000173
144.233333,0.000771
144.266667,0.001111
144.300000,0.000840
144.333333,0.000199
144.366667,-0.000458
144.400000,-0.000832
144.433333,-0.000806
144.466667,-0.000482
144.500000,-0.000104
144.533333,0.000069
144.566667,-0.000103
144.600000,-0.000571
144.633333,-0.001114
144.666667,-0.001424
144.700000,-0.001229
144.733333,-0.000400
144.766667,0.000990
144.800000,0.002666
144.833333,0.004223
144.866667,0.005240
144.900000,0.005391
144.933333,0.004529
144.966667,0.002744
145.000000,0.000353
145.033333,-0.002163
145.066667,-0.004274
145.100000,-0.005545
145.133333,-0.005752
145.166667,-0.004943
145.200000,-0.003428
145.233333,-0.001689
145.266667,-0.000236
145.300000,0.000529
145.333333,0.000424
145.366667,-0.000464
145.400000,-0.001790
145.433333,-0.003049
145.466667,-0.003723
145.500000,-0.003453
145.533333,-0.002156
145.566667,-0.000063
145.600000,0.002355
145.633333,0.004549
145.666667,0.006071
145.700000,0.006682
145.733333,0.006378
145.766667,0.005343
145.800000,0.003871
145.833333,0.002290
145.866667,0.000877
145.900000,-0.000191
145.933333,-0.000858
145.966667,-0.001180
146.000000,-0.001273
146.033333,-0.001267
146.066667,-0.001259
146.100000,-0.001302
146.133333,-0.001404
146.166667,-0.001548
146.200000,-0.001686
146.233333,-0.001742
146.266667,-0.001610
146.300000,-0.001186
146.333333,-0.000423
146.366667,0.000616
146.400000,0.001725
146.433333,0.002590
146.466667,0.002882
146.500000,0.002381
146.533333,0.001077
146.566667,-0.000797
146.600000,-0.002823
146.633333,-0.004528
146.666667,-0.005518
146.700000,-0.005592
146.733333,-0.004785
146.766667,-0.003345
146.800000,-0.001653
146.833333,-0.000103
146.866667,0.001025
146.900000,0.001643
146.933333,0.001845
146.966667,0.001829
147.000000,0.001787
147.033333,0.001822
147.066667,0.001916
147.100000,0.001966
147.133333,0.001842
147.166667,0.001463
147.200000,0.000851
147.233333,0.000150
147.266667,-0.000403
147.300000,-0.000568
147.333333,-0.000215
147.366667,0.000596
147.400000,0.001610
147.433333,0.002476
147.466667,0.002880
147.500000,0.002671
147.533333,0.001925
147.566667,0.000919
147.600000,0.000035
147.633333,-0.000382
147.666667,-0.000150
147.700000,0.000670
147.733333,0.001797
147.766667,0.002813
147.800000,0.003314
147.833333,0.003047
147.866667,0.001990
147.900000,0.000340
147.933333,-0.001590
147.966667,-0.003495
148.000000,-0.005168
148.033333,-0.006519
148.066667,-0.007527
148.100000,-0.008174
148.133333,-0.008393
148.166667,-0.008069
148.200000,-0.007089
148.233333,-0.005410
148.266667,-0.003115
148.300000,-0.000434
148.333333,0.002296
148.366667,0.004702
148.400000,0.006463
148.433333,0.007404
148.466667,0.007538
148.500000,0.007058
148.533333,0.006252
148.566667,0.005400
148.600000,0.004695
148.633333,0.004202
148.666667,0.003849
148.700000,0.003461
148.733333,0.002815
148.766667,0.001735
148.800000,0.000169
148.833333,-0.001774
148.866667,-0.003842
148.900000,-0.005695
148.933333,-0.006993
148.966667,-0.007481
149.000000,-0.007064
149.033333,-0.005854
149.066667,-0.004146
149.100000,-0.002335
149.133333,-0.000771
149.166667,0.000356
149.200000,0.001061
149.233333,0.001500
149.266667,0.001865
149.300000,0.002290
149.333333,0.002809
149.366667,0.003356
149.400000,0.003804
149.433333,0.004018
149.466667,0.003907
149.500000,0.003450
149.533333,0.002702
149.566667,0.001772
149.600000,0.000785
149.633333,-0.000162
149.666667,-0.001017
149.700000,-0.001771
149.733333,-0.002427
149.766667,-0.002973
149.800000,-0.003368
149.833333,-0.003542
149.866667,-0.003403
149.900000,-0.002868
149.933333,-0.001914
149.966667,-0.000633
150.000000,0.000747
150.033333,0.001898
150.066667,0.002476
150.100000,0.002234
150.133333,0.001124
150.166667,-0.000639
150.200000,-0.002586
150.233333,-0.004108
150.266667,-0.004638
150.300000,-0.003859
150.333333,-0.001845
150.366667,0.000925
150.400000,0.003705
150.433333,0.005741
150.466667,0.006525
150.500000,0.005957
150.533333,0.004333
150.566667,0.002206
150.600000,0.000190
150.633333,-0.001211
150.666667,-0.001716
150.700000,-0.001319
150.733333,-0.000256
150.766667,0.001063
150.800000,0.002168
150.833333,0.002644
150.866667,0.002243
150.900000,0.000942
150.933333,-0.001055
150.966667,-0.003369
151.000000,-0.005532
151.033333,-0.007093
151.066667,-0.007714
151.100000,-0.007239
151.133333,-0.005720
151.166667,-0.003399
151.200000,-0.000645
151.233333,0.002130
151.266667,0.004541
151.300000,0.006271
151.333333,0.007093
151.366667,0.006895
151.400000,0.005713
151.433333,0.003757
151.466667,0.001385
151.500000,-0.000960
151.533333,-0.002848
151.566667,-0.003950
151.600000,-0.004109
151.633333,-0.003369
151.666667,-0.001963
151.700000,-0.000262
151.733333,0.001308
151.766667,0.002366
151.800000,0.002681
151.833333,0.002243
151.866667,0.001272
151.900000,0.000148
151.933333,-0.000729
151.966667,-0.001073
152.000000,-0.000820
152.033333,-0.000136
152.066667,0.000650
152.100000,0.001174
152.133333,0.001190
152.166667,0.000676
152.200000,-0.000169
152.233333,-0.001020
152.266667,-0.001582
152.300000,-0.001716
152.333333,-0.001488
152.366667,-0.001111
152.400000,-0.000822
152.433333,-0.000757
152.466667,-0.000895
152.500000,-0.001089
152.533333,-0.001152
152.566667,-0.000952
152.600000,-0.000479
152.633333,0.000147
152.666667,0.000730
152.700000,0.001081
152.733333,0.001096
152.766667,0.000803
152.800000,0.000359
152.833333,-0.000003
152.866667,-0.000065
152.900000,0.000283
152.933333,0.000987
152.966667,0.001864
153.000000,0.002691
153.033333,0.003298
153.066667,0.003587
153.100000,0.003510
153.133333,0.003010
153.166667,0.002015
153.200000,0.000481
153.233333,-0.001534
153.266667,-0.003817
153.300000,-0.006020
153.333333,-0.007744
153.366667,-0.008627
153.400000,-0.008413
153.433333,-0.007000
153.466667,-0.004481
153.500000,-0.001188
153.533333,0.002327
153.566667,0.005382
153.600000,0.007349
153.633333,0.007869
153.666667,0.006986
153.700000,0.005126
153.733333,0.002923
153.766667,0.000997
153.800000,-0.000215
153.833333,-0.000538
153.866667,-0.000058
153.900000,0.000928
153.933333,0.001989
153.966667,0.002665
154.000000,0.002602
154.033333,0.001666
154.066667,-0.000001
154.100000,-0.002017
154.133333,-0.003875
154.166667,-0.005105
154.200000,-0.005408
154.233333,-0.004724
154.266667,-0.003225
154.300000,-0.001241
154.333333,0.000828
154.366667,0.002599
154.400000,0.003780
154.433333,0.004214
154.466667,0.003884
154.500000,0.002897
154.533333,0.001442
154.566667,-0.000252
