Time_Sec,Amplitude
0.000000,0.027115
0.033333,2.017063
0.066667,3.551878
0.100000,4.309120
0.133333,4.185652
0.166667,3.311816
0.200000,1.989025
0.233333,0.581997
0.266667,-0.588586
0.300000,-1.319987
0.333333,-1.556486
0.366667,-1.375700
0.400000,-0.941911
0.433333,-0.443888
0.466667,-0.038354
0.500000,0.185045
0.533333,0.211961
0.566667,0.088535
0.600000,-0.107261
0.633333,-0.296450
0.666667,-0.421897
0.700000,-0.458417
0.733333,-0.410928
0.766667,-0.304071
0.800000,-0.168042
0.833333,-0.026597
0.866667,0.107678
0.900000,0.230189
0.933333,0.337175
0.966667,0.419816
1.000000,0.463374
1.033333,0.452743
1.066667,0.382135
1.100000,0.262488
1.133333,0.119856
1.166667,-0.015891
1.200000,-0.125212
1.233333,-0.206872
1.266667,-0.274907
1.300000,-0.346443
1.333333,-0.427808
1.366667,-0.507886
1.400000,-0.563007
1.433333,-0.569575
1.466667,-0.515885
1.500000,-0.406651
1.533333,-0.259271
1.566667,-0.095195
1.600000,0.068528
1.633333,0.223012
1.666667,0.365166
1.700000,0.492081
1.733333,0.596973
1.766667,0.668884
1.800000,0.694716
1.833333,0.662023
1.866667,0.562942
1.900000,0.399250
1.933333,0.186105
1.966667,-0.048076
2.000000,-0.265618
2.033333,-0.426102
2.066667,-0.494739
2.100000,-0.451919
2.133333,-0.301709
2.166667,-0.075947
2.200000,0.169172
2.233333,0.365507
2.266667,0.452507
2.300000,0.397349
2.333333,0.206853
2.366667,-0.074590
2.400000,-0.380046
2.433333,-0.641230
2.466667,-0.807195
2.500000,-0.853973
2.533333,-0.783544
2.566667,-0.615572
2.600000,-0.377601
2.633333,-0.098262
2.666667,0.194499
2.700000,0.471027
2.733333,0.697351
2.766667,0.837448
2.800000,0.862212
2.833333,0.761089
2.866667,0.549567
2.900000,0.268225
2.933333,-0.026560
2.966667,-0.277302
3.000000,-0.440649
3.033333,-0.497503
3.066667,-0.454494
3.100000,-0.337992
3.133333,-0.184694
3.166667,-0.031835
3.200000,0.091492
3.233333,0.169970
3.266667,0.202638
3.300000,0.198633
3.333333,0.170750
3.366667,0.129608
3.400000,0.080334
3.433333,0.023290
3.466667,-0.040994
3.500000,-0.105511
3.533333,-0.153372
3.566667,-0.159871
3.600000,-0.100084
3.633333,0.039276
3.666667,0.246987
3.700000,0.479708
3.733333,0.666349
3.766667,0.726453
3.800000,0.597987
3.833333,0.265734
3.866667,-0.220898
3.900000,-0.752724
3.933333,-1.194843
3.966667,-1.440586
4.000000,-1.459050
4.033333,-1.307613
4.066667,-1.097582
4.100000,-0.926854
4.133333,-0.814353
4.166667,-0.676051
4.200000,-0.365215
4.233333,0.236460
4.266667,1.125437
4.300000,2.137347
4.333333,2.991187
4.366667,3.399373
4.400000,3.189445
4.433333,2.376671
4.466667,1.155719
4.500000,-0.174842
4.533333,-1.312991
4.566667,-2.039034
4.600000,-2.264858
4.633333,-2.039399
4.666667,-1.514338
4.700000,-0.885262
4.733333,-0.330157
4.766667,0.035651
4.800000,0.177981
4.833333,0.135177
4.866667,-0.010360
4.900000,-0.167969
4.933333,-0.268673
4.966667,-0.280937
5.000000,-0.210752
5.033333,-0.089584
5.066667,0.043283
5.100000,0.156369
5.133333,0.233995
5.166667,0.275679
5.200000,0.289694
5.233333,0.284700
5.266667,0.263386
5.300000,0.221750
5.333333,0.154951
5.366667,0.065879
5.400000,-0.029896
5.433333,-0.106452
5.466667,-0.136098
5.500000,-0.100749
5.533333,-0.001825
5.566667,0.135944
5.600000,0.270126
5.633333,0.354520
5.666667,0.355852
5.700000,0.266624
5.733333,0.109214
5.766667,-0.071031
5.800000,-0.222143
5.833333,-0.304853
5.866667,-0.306077
5.900000,-0.240888
5.933333,-0.143313
5.966667,-0.050901
6.000000,0.010209
6.033333,0.033525
6.066667,0.030762
6.100000,0.022549
6.133333,0.026539
6.166667,0.048121
6.200000,0.077041
6.233333,0.091326
6.266667,0.067470
6.300000,-0.007335
6.333333,-0.126590
6.366667,-0.263287
6.400000,-0.376591
6.433333,-0.424199
6.466667,-0.376303
6.500000,-0.226229
6.533333,0.005591
6.566667,0.274912
6.600000,0.523376
6.633333,0.693393
6.666667,0.744880
6.700000,0.667341
6.733333,0.481227
6.766667,0.228307
6.800000,-0.043333
6.833333,-0.292712
6.866667,-0.493120
6.900000,-0.631493
6.933333,-0.702294
6.966667,-0.701505
7.000000,-0.625692
7.033333,-0.476364
7.066667,-0.265640
7.100000,-0.018977
7.133333,0.227232
7.166667,0.433212
7.200000,0.566187
7.233333,0.609170
7.266667,0.564420
7.300000,0.451291
7.333333,0.300580
7.366667,0.146766
7.400000,0.018916
7.433333,-0.067219
7.466667,-0.112114
7.500000,-0.128862
7.533333,-0.135202
7.566667,-0.144900
7.600000,-0.161869
7.633333,-0.179734
7.666667,-0.187442
7.700000,-0.177635
7.733333,-0.152044
7.766667,-0.120056
7.800000,-0.091189
7.833333,-0.065567
7.866667,-0.028055
7.900000,0.048446
7.933333,0.188263
7.966667,0.391637
8.000000,0.618493
8.033333,0.789562
8.066667,0.810121
8.100000,0.610696
8.133333,0.188272
8.166667,-0.375095
8.200000,-0.933881
8.233333,-1.337450
8.266667,-1.496523
8.300000,-1.420077
8.333333,-1.200320
8.366667,-0.952573
8.400000,-0.742907
8.433333,-0.545800
8.466667,-0.260332
8.500000,0.219707
8.533333,0.921051
8.566667,1.742622
8.600000,2.474496
8.633333,2.876878
8.666667,2.779405
8.700000,2.151955
8.733333,1.117097
8.766667,-0.092769
8.800000,-1.207997
8.833333,-1.996468
8.866667,-2.320771
8.900000,-2.164906
8.933333,-1.625821
8.966667,-0.876249
9.000000,-0.113511
9.033333,0.490471
9.066667,0.826696
9.100000,0.867102
9.133333,0.660319
9.166667,0.307950
9.200000,-0.070360
9.233333,-0.372073
9.266667,-0.536720
9.300000,-0.553959
9.333333,-0.454622
9.366667,-0.291388
9.400000,-0.118173
9.433333,0.025239
9.466667,0.120604
9.500000,0.170397
9.533333,0.190416
9.566667,0.199645
9.600000,0.211619
9.633333,0.229549
9.666667,0.245546
9.700000,0.243969
9.733333,0.208505
9.766667,0.130665
9.800000,0.015938
9.833333,-0.115068
9.866667,-0.230969
9.900000,-0.298134
9.933333,-0.290904
9.966667,-0.200167
10.000000,-0.037567
10.033333,0.165647
10.066667,0.365001
10.100000,0.513684
10.133333,0.575465
10.166667,0.534968
10.200000,0.401111
10.233333,0.203299
10.266667,-0.016978
10.300000,-0.216428
10.333333,-0.360366
10.366667,-0.430917
10.400000,-0.430353
10.433333,-0.378488
10.466667,-0.305326
10.500000,-0.241335
10.533333,-0.208282
10.566667,-0.213485
10.600000,-0.248708
10.633333,-0.292817
10.666667,-0.316896
10.700000,-0.291477
10.733333,-0.195352
10.766667,-0.023969
10.800000,0.205317
10.833333,0.453414
10.866667,0.666928
10.900000,0.793178
10.933333,0.798605
10.966667,0.681703
11.000000,0.472923
11.033333,0.221951
11.066667,-0.020058
11.100000,-0.215159
11.133333,-0.345911
11.166667,-0.414433
11.200000,-0.435022
11.233333,-0.424676
11.266667,-0.396371
11.300000,-0.357138
11.333333,-0.309511
11.366667,-0.253852
11.400000,-0.189861
11.433333,-0.116832
11.466667,-0.033658
11.500000,0.059647
11.533333,0.158652
11.566667,0.251965
11.600000,0.322520
11.633333,0.353135
11.666667,0.333843
11.700000,0.267499
11.733333,0.170828
11.766667,0.069702
11.800000,-0.009697
11.833333,-0.049591
11.866667,-0.045291
11.900000,-0.005049
11.933333,0.053482
11.966667,0.108891
12.000000,0.142770
12.033333,0.145766
12.066667,0.120964
12.100000,0.083789
12.133333,0.057827
12.166667,0.065351
12.200000,0.113312
12.233333,0.180929
12.266667,0.217995
12.300000,0.159402
12.333333,-0.046648
12.366667,-0.406595
12.400000,-0.860258
12.433333,-1.285666
12.466667,-1.537284
12.500000,-1.507083
12.533333,-1.180221
12.566667,-0.653757
12.600000,-0.101973
12.633333,0.302001
12.666667,0.473218
12.700000,0.463212
12.733333,0.435069
12.766667,0.570397
12.800000,0.958066
12.833333,1.529933
12.866667,2.081177
12.900000,2.363516
12.933333,2.200817
12.966667,1.568340
13.000000,0.601359
13.033333,-0.460795
13.066667,-1.361224
13.100000,-1.906049
13.133333,-2.014911
13.166667,-1.730454
13.200000,-1.188950
13.233333,-0.567183
13.266667,-0.027195
13.300000,0.323463
13.333333,0.448135
13.366667,0.374939
13.400000,0.174490
13.433333,-0.068662
13.466667,-0.280796
13.500000,-0.413759
13.533333,-0.448758
13.566667,-0.391848
13.600000,-0.265317
13.633333,-0.099138
13.666667,0.075375
13.700000,0.230086
13.733333,0.343724
13.766667,0.404124
13.800000,0.407978
13.833333,0.358888
13.866667,0.265837
13.900000,0.142750
13.933333,0.007951
13.966667,-0.117482
14.000000,-0.212329
14.033333,-0.258420
14.066667,-0.243973
14.100000,-0.166323
14.133333,-0.033566
14.166667,0.134697
14.200000,0.307943
14.233333,0.448434
14.266667,0.519142
14.300000,0.494230
14.333333,0.368383
14.366667,0.161673
14.400000,-0.082300
14.433333,-0.306156
14.466667,-0.455041
14.500000,-0.494231
14.533333,-0.420802
14.566667,-0.264204
14.600000,-0.075194
14.633333,0.092853
14.666667,0.202701
14.700000,0.243889
14.733333,0.230881
14.766667,0.191152
14.800000,0.150194
14.833333,0.120216
14.866667,0.096509
14.900000,0.062688
14.933333,0.002554
14.966667,-0.087780
15.000000,-0.195047
15.033333,-0.294463
15.066667,-0.362257
15.100000,-0.387639
15.133333,-0.377615
15.166667,-0.352230
15.200000,-0.333101
15.233333,-0.331449
15.266667,-0.341167
15.300000,-0.339534
15.333333,-0.295617
15.366667,-0.183870
15.400000,0.002846
15.433333,0.247284
15.466667,0.511241
15.500000,0.745535
15.533333,0.902663
15.566667,0.949790
15.600000,0.879054
15.633333,0.710668
15.666667,0.486979
15.700000,0.260689
15.733333,0.081575
15.766667,-0.016585
15.800000,-0.027036
15.833333,0.026047
15.866667,0.094977
15.900000,0.124937
15.933333,0.071846
15.966667,-0.083803
16.000000,-0.328661
16.033333,-0.615586
16.066667,-0.873895
16.100000,-1.031751
16.133333,-1.044095
16.166667,-0.914159
16.200000,-0.697332
16.233333,-0.482119
16.266667,-0.352572
16.300000,-0.347025
16.333333,-0.433230
16.366667,-0.514103
16.400000,-0.463650
16.433333,-0.179147
16.466667,0.369801
16.500000,1.113399
16.533333,1.887251
16.566667,2.473318
16.600000,2.665366
16.633333,2.339184
16.666667,1.505357
16.700000,0.323596
16.733333,-0.935511
16.766667,-1.975870
16.800000,-2.576298
16.833333,-2.661054
16.866667,-2.308653
16.900000,-1.697239
16.933333,-1.014758
16.966667,-0.379345
17.000000,0.189107
17.033333,0.733706
17.066667,1.288574
17.100000,1.820040
17.133333,2.219856
17.166667,2.353449
17.200000,2.131434
17.233333,1.560870
17.266667,0.750050
17.300000,-0.128369
17.333333,-0.892048
17.366667,-1.399760
17.400000,-1.586065
17.433333,-1.472342
17.466667,-1.151079
17.500000,-0.749760
17.533333,-0.389170
17.566667,-0.151074
17.600000,-0.063530
17.633333,-0.104894
17.666667,-0.222028
17.700000,-0.354143
17.733333,-0.452473
17.766667,-0.489213
17.800000,-0.455100
17.833333,-0.350468
17.866667,-0.177475
17.900000,0.060133
17.933333,0.349271
17.966667,0.658137
18.000000,0.933901
18.033333,1.112313
18.066667,1.137583
18.100000,0.985285
18.133333,0.677863
18.166667,0.283497
18.200000,-0.103676
18.233333,-0.393963
18.266667,-0.529929
18.300000,-0.501451
18.333333,-0.344817
18.366667,-0.128078
18.400000,0.071764
18.433333,0.192030
18.466667,0.200632
18.500000,0.101411
18.533333,-0.070953
18.566667,-0.263538
18.600000,-0.421346
18.633333,-0.502338
18.666667,-0.487121
18.700000,-0.381506
18.733333,-0.212619
18.766667,-0.020257
18.800000,0.154171
18.833333,0.277863
18.866667,0.333165
18.900000,0.319533
18.933333,0.251467
18.966667,0.153006
19.000000,0.050081
19.033333,-0.036459
19.066667,-0.094418
19.100000,-0.120120
19.133333,-0.116256
19.166667,-0.089146
19.200000,-0.046319
19.233333,0.004580
19.266667,0.055325
19.300000,0.096726
19.333333,0.120158
19.366667,0.120357
19.400000,0.097185
19.433333,0.055445
19.466667,0.003742
19.500000,-0.047018
19.533333,-0.085949
19.566667,-0.105286
19.600000,-0.103007
19.633333,-0.083776
19.666667,-0.057551
19.700000,-0.035657
19.733333,-0.025454
19.766667,-0.026731
19.800000,-0.032733
19.833333,-0.035285
19.866667,-0.030186
19.900000,-0.019404
19.933333,-0.009196
19.966667,-0.005308
20.000000,-0.007626
20.033333,-0.007699
20.066667,0.008236
20.100000,0.051580
20.133333,0.123339
20.166667,0.210178
20.200000,0.286873
20.233333,0.324990
20.266667,0.304876
20.300000,0.225081
20.333333,0.103509
20.366667,-0.030656
20.400000,-0.149413
20.433333,-0.236369
20.466667,-0.290857
20.500000,-0.324539
20.533333,-0.352129
20.566667,-0.380358
20.600000,-0.400225
20.633333,-0.385980
20.666667,-0.302108
20.700000,-0.117764
20.733333,0.174625
20.766667,0.543436
20.800000,0.912916
20.833333,1.175052
20.866667,1.219166
20.900000,0.974037
20.933333,0.448514
20.966667,-0.251686
21.000000,-0.949656
21.033333,-1.461993
21.066667,-1.672267
21.100000,-1.574314
21.133333,-1.262595
21.166667,-0.875435
21.200000,-0.521582
21.233333,-0.230314
21.266667,0.046151
21.300000,0.380160
21.333333,0.801289
21.366667,1.259194
21.400000,1.639585
21.433333,1.820605
21.466667,1.733440
21.500000,1.392675
21.533333,0.884875
21.566667,0.330015
21.600000,-0.160291
21.633333,-0.512523
21.666667,-0.704280
21.700000,-0.759702
21.733333,-0.730163
21.766667,-0.669810
21.800000,-0.617685
21.833333,-0.591519
21.866667,-0.590191
21.900000,-0.599730
21.933333,-0.599995
21.966667,-0.571024
22.000000,-0.498426
22.033333,-0.377391
22.066667,-0.214552
22.100000,-0.026560
22.133333,0.164595
22.166667,0.337014
22.200000,0.472359
22.233333,0.557309
22.266667,0.584756
22.300000,0.555130
22.333333,0.476741
22.366667,0.364698
22.400000,0.238943
22.433333,0.121203
22.466667,0.030573
22.500000,-0.020780
22.533333,-0.029577
22.566667,-0.001108
22.600000,0.051521
22.633333,0.108490
22.666667,0.146762
22.700000,0.146510
22.733333,0.097732
22.766667,0.003705
22.800000,-0.120052
22.833333,-0.250684
22.866667,-0.364999
22.900000,-0.445586
22.933333,-0.483439
22.966667,-0.477055
23.000000,-0.430325
23.033333,-0.351046
23.066667,-0.249959
23.100000,-0.139338
23.133333,-0.030507
23.166667,0.069662
23.200000,0.161806
23.233333,0.253665
23.266667,0.354143
23.300000,0.464136
23.333333,0.570094
23.366667,0.645085
23.400000,0.657617
23.433333,0.584799
23.466667,0.424556
23.500000,0.200713
23.533333,-0.043292
23.566667,-0.260145
23.600000,-0.415772
23.633333,-0.499322
23.666667,-0.522421
23.700000,-0.509591
23.733333,-0.485022
23.766667,-0.461808
23.800000,-0.437953
23.833333,-0.399722
23.866667,-0.329604
23.900000,-0.215210
23.933333,-0.055937
23.966667,0.134840
24.000000,0.332442
24.033333,0.506573
24.066667,0.627670
24.100000,0.672949
24.133333,0.631714
24.166667,0.508350
24.200000,0.321579
24.233333,0.100795
24.266667,-0.118640
24.300000,-0.300914
24.333333,-0.416732
24.366667,-0.450151
24.400000,-0.401899
24.433333,-0.287731
24.466667,-0.133405
24.500000,0.031523
24.533333,0.179658
24.566667,0.289886
24.600000,0.348222
24.633333,0.346206
24.666667,0.279561
24.700000,0.148572
24.733333,-0.040514
24.766667,-0.273557
24.800000,-0.525488
24.833333,-0.757055
24.866667,-0.914741
24.900000,-0.937471
24.933333,-0.771415
24.966667,-0.391219
25.000000,0.177926
25.033333,0.847344
25.066667,1.472102
25.100000,1.883365
25.133333,1.939737
25.166667,1.581122
25.200000,0.863170
25.233333,-0.047804
25.266667,-0.926444
25.300000,-1.569672
25.333333,-1.870325
25.366667,-1.846278
25.400000,-1.611068
25.433333,-1.302285
25.466667,-1.005248
25.500000,-0.712766
25.533333,-0.344446
25.566667,0.183575
25.600000,0.878715
25.633333,1.630809
25.666667,2.237885
25.700000,2.489248
25.733333,2.263089
25.766667,1.586583
25.800000,0.629200
25.833333,-0.361164
25.866667,-1.144005
25.900000,-1.558967
25.933333,-1.564108
25.966667,-1.232211
26.000000,-0.711568
26.033333,-0.170238
26.066667,0.253888
26.100000,0.482820
26.133333,0.504765
26.166667,0.360737
26.200000,0.119219
26.233333,-0.150254
26.266667,-0.394600
26.300000,-0.582483
26.333333,-0.701010
26.366667,-0.748838
26.400000,-0.728722
26.433333,-0.641516
26.466667,-0.483792
26.500000,-0.250407
26.533333,0.058121
26.566667,0.425563
26.600000,0.812036
26.633333,1.154530
26.666667,1.379416
26.700000,1.423852
26.733333,1.257634
26.766667,0.896846
26.800000,0.404106
26.833333,-0.125561
26.866667,-0.589519
26.900000,-0.904822
26.933333,-1.028813
26.966667,-0.967044
27.000000,-0.767163
27.033333,-0.501108
27.066667,-0.241486
27.100000,-0.040773
27.133333,0.079159
27.166667,0.125157
27.200000,0.122101
27.233333,0.098718
27.266667,0.074788
27.300000,0.054721
27.333333,0.031024
27.366667,-0.004583
27.400000,-0.050798
27.433333,-0.094924
27.466667,-0.120184
27.500000,-0.115844
27.533333,-0.082675
27.566667,-0.030179
27.600000,0.032006
27.633333,0.101671
27.666667,0.184146
27.700000,0.284293
27.733333,0.396254
27.766667,0.498535
27.800000,0.558381
27.833333,0.544197
27.866667,0.440424
27.900000,0.257010
27.933333,0.027594
27.966667,-0.202750
28.000000,-0.392782
28.033333,-0.515532
28.066667,-0.561063
28.100000,-0.533798
28.133333,-0.448312
28.166667,-0.326036
28.200000,-0.192887
28.233333,-0.076195
28.266667,0.000217
28.300000,0.022255
28.333333,-0.008893
28.366667,-0.074451
28.400000,-0.141402
28.433333,-0.172610
28.466667,-0.141452
28.500000,-0.044733
28.533333,0.093254
28.566667,0.228982
28.600000,0.317737
28.633333,0.333760
28.666667,0.282615
28.700000,0.198628
28.733333,0.128015
28.766667,0.106834
28.800000,0.145312
28.833333,0.225034
28.866667,0.308205
28.900000,0.353768
28.933333,0.333504
28.966667,0.241342
29.000000,0.092479
29.033333,-0.085138
29.066667,-0.260482
29.100000,-0.405190
29.133333,-0.494640
29.166667,-0.507046
29.200000,-0.424959
29.233333,-0.242393
29.266667,0.023926
29.300000,0.326039
29.333333,0.586872
29.366667,0.716821
29.400000,0.642726
29.433333,0.341355
29.466667,-0.136599
29.500000,-0.669175
29.533333,-1.102028
29.566667,-1.312505
29.600000,-1.267220
29.633333,-1.038987
29.666667,-0.768523
29.700000,-0.586007
29.733333,-0.531758
29.766667,-0.521879
29.800000,-0.386189
29.833333,0.033943
29.866667,0.779347
29.900000,1.719827
29.933333,2.587751
29.966667,3.084991
30.000000,3.010297
30.033333,2.343721
30.066667,1.250635
30.100000,0.013461
30.133333,-1.068923
30.166667,-1.772524
30.200000,-2.004044
30.233333,-1.809880
30.266667,-1.340781
30.300000,-0.789062
30.333333,-0.323900
30.366667,-0.046759
30.400000,0.022980
30.433333,-0.065675
30.466667,-0.226788
30.500000,-0.372772
30.533333,-0.441139
30.566667,-0.406627
30.600000,-0.279567
30.633333,-0.095124
30.666667,0.101054
30.700000,0.265960
30.733333,0.368622
30.766667,0.395727
30.800000,0.353753
30.833333,0.266455
30.866667,0.166937
30.900000,0.086629
30.933333,0.045540
30.966667,0.047160
31.000000,0.079327
31.033333,0.120881
31.066667,0.151699
31.100000,0.161130
31.133333,0.150283
31.166667,0.127915
31.200000,0.103615
31.233333,0.082265
31.266667,0.062095
31.300000,0.037144
31.333333,0.002772
31.366667,-0.039605
31.400000,-0.082141
31.433333,-0.114354
31.466667,-0.127829
31.500000,-0.119346
31.533333,-0.092069
31.566667,-0.054790
31.600000,-0.019120
31.633333,0.004273
31.666667,0.008454
31.700000,-0.008545
31.733333,-0.043322
31.766667,-0.087415
31.800000,-0.129061
31.833333,-0.156341
31.866667,-0.160456
31.900000,-0.138025
31.933333,-0.091759
31.966667,-0.028951
32.000000,0.041679
32.033333,0.112545
32.066667,0.177165
32.100000,0.228348
32.133333,0.257108
32.166667,0.253587
32.200000,0.209640
32.233333,0.122729
32.266667,0.000477
32.300000,-0.136864
32.333333,-0.259436
32.366667,-0.336469
32.400000,-0.346708
32.433333,-0.285946
32.466667,-0.168963
32.500000,-0.025167
32.533333,0.110822
32.566667,0.209964
32.600000,0.256333
32.633333,0.249076
32.666667,0.199645
32.700000,0.126382
32.733333,0.048390
32.766667,-0.019301
32.800000,-0.067791
32.833333,-0.094016
32.866667,-0.099647
32.900000,-0.089774
32.933333,-0.070999
32.966667,-0.049180
33.000000,-0.027688
33.033333,-0.006565
33.066667,0.017285
33.100000,0.048257
33.133333,0.088521
33.166667,0.134595
33.200000,0.176157
33.233333,0.197509
33.266667,0.181146
33.300000,0.113617
33.333333,-0.006577
33.366667,-0.161972
33.400000,-0.314556
33.433333,-0.412247
33.466667,-0.402998
33.500000,-0.253864
33.533333,0.030268
33.566667,0.396377
33.600000,0.748831
33.633333,0.972534
33.666667,0.968609
33.700000,0.692965
33.733333,0.184158
33.766667,-0.436007
33.800000,-1.000001
33.833333,-1.361128
33.866667,-1.457501
33.900000,-1.336961
33.933333,-1.125450
33.966667,-0.951870
34.000000,-0.867723
34.033333,-0.807468
34.066667,-0.618584
34.100000,-0.152144
34.133333,0.634126
34.166667,1.620136
34.200000,2.550028
34.233333,3.130916
34.266667,3.154548
34.300000,2.581073
34.333333,1.548487
34.366667,0.314689
34.400000,-0.831922
34.433333,-1.657346
34.466667,-2.039648
34.500000,-1.987172
34.533333,-1.615242
34.566667,-1.093361
34.600000,-0.585271
34.633333,-0.203388
34.666667,0.010466
34.700000,0.077288
34.733333,0.054370
34.766667,0.003899
34.800000,-0.030094
34.833333,-0.030207
34.866667,-0.001502
34.900000,0.039469
34.933333,0.076366
34.966667,0.100590
35.000000,0.112380
35.033333,0.117158
35.066667,0.120887
35.100000,0.126746
35.133333,0.133476
35.166667,0.135778
35.200000,0.127154
35.233333,0.103868
35.266667,0.067493
35.300000,0.024894
35.333333,-0.013588
35.366667,-0.036968
35.400000,-0.037101
35.433333,-0.011810
35.466667,0.033794
35.500000,0.088161
35.533333,0.135969
35.566667,0.162403
35.600000,0.158245
35.633333,0.123332
35.666667,0.066137
35.700000,-0.000022
35.733333,-0.061537
35.766667,-0.108068
35.800000,-0.134628
35.833333,-0.141730
35.866667,-0.133413
35.900000,-0.114630
35.933333,-0.089883
35.966667,-0.063076
36.000000,-0.037122
36.033333,-0.013226
36.066667,0.008816
36.100000,0.029046
36.133333,0.046005
36.166667,0.056695
36.200000,0.057717
36.233333,0.047287
36.266667,0.027667
36.300000,0.006191
36.333333,-0.007067
36.366667,-0.004322
36.400000,0.015362
36.433333,0.044593
36.466667,0.069747
36.500000,0.075959
36.533333,0.053520
36.566667,0.002731
36.600000,-0.065682
36.633333,-0.134757
36.666667,-0.187392
36.700000,-0.211486
36.733333,-0.202610
36.766667,-0.163675
36.800000,-0.102174
36.833333,-0.027137
36.866667,0.052242
36.900000,0.126522
36.933333,0.186161
36.966667,0.222630
37.000000,0.230003
37.033333,0.206655
37.066667,0.156645
37.100000,0.089502
37.133333,0.017544
37.166667,-0.047892
37.200000,-0.098876
37.233333,-0.131155
37.266667,-0.143237
37.300000,-0.135129
37.333333,-0.107317
37.366667,-0.061039
37.400000,-0.000283
37.433333,0.066148
37.466667,0.124860
37.500000,0.160640
37.533333,0.160267
37.566667,0.116473
37.600000,0.031970
37.633333,-0.077501
37.666667,-0.182972
37.700000,-0.245982
37.733333,-0.226547
37.766667,-0.095771
37.800000,0.148157
37.833333,0.466427
37.866667,0.777478
37.900000,0.972640
37.933333,0.949059
37.966667,0.651691
38.000000,0.108583
38.033333,-0.561396
38.066667,-1.182857
38.100000,-1.592500
38.133333,-1.709237
38.166667,-1.566827
38.200000,-1.288635
38.233333,-1.015050
38.266667,-0.820425
38.300000,-0.666038
38.333333,-0.420973
38.366667,0.054321
38.400000,0.807124
38.433333,1.733797
38.466667,2.599995
38.500000,3.131924
38.533333,3.131841
38.566667,2.559213
38.600000,1.542118
38.633333,0.324894
38.666667,-0.814514
38.700000,-1.644604
38.733333,-2.037325
38.766667,-1.990360
38.800000,-1.610756
38.833333,-1.068239
38.866667,-0.536946
38.900000,-0.145627
38.933333,0.050060
38.966667,0.068246
39.000000,-0.021709
39.033333,-0.133833
39.066667,-0.198083
39.100000,-0.180392
39.133333,-0.086721
39.166667,0.046930
39.200000,0.173124
39.233333,0.252447
39.266667,0.266490
39.300000,0.221101
39.333333,0.141219
39.366667,0.060321
39.400000,0.007745
39.433333,-0.001826
39.466667,0.027738
39.500000,0.078095
39.533333,0.125567
39.566667,0.150663
39.600000,0.144369
39.633333,0.109393
39.666667,0.056687
39.700000,-0.000205
39.733333,-0.049738
39.766667,-0.084409
39.800000,-0.100651
39.833333,-0.097483
39.866667,-0.074998
39.900000,-0.034191
39.933333,0.021289
39.966667,0.083283
40.000000,0.139636
40.033333,0.177368
40.066667,0.186628
40.100000,0.163831
40.133333,0.113267
40.166667,0.046309
40.200000,-0.022185
40.233333,-0.078555
40.266667,-0.113527
40.300000,-0.123233
40.333333,-0.109297
40.366667,-0.078496
40.400000,-0.041414
40.433333,-0.010099
40.466667,0.004470
40.500000,-0.005106
40.533333,-0.040037
40.566667,-0.093692
40.600000,-0.152509
40.633333,-0.199415
40.666667,-0.218260
40.700000,-0.198128
40.733333,-0.136967
40.766667,-0.043336
40.800000,0.064970
40.833333,0.165095
40.866667,0.234631
40.900000,0.257461
40.933333,0.229057
40.966667,0.158979
41.000000,0.068175
41.033333,-0.018391
41.066667,-0.080223
41.100000,-0.107216
41.133333,-0.101232
41.166667,-0.073126
41.200000,-0.036549
41.233333,-0.001770
41.266667,0.027215
41.300000,0.051732
41.333333,0.075515
41.366667,0.101356
41.400000,0.127795
41.433333,0.147034
41.466667,0.146134
41.500000,0.111999
41.533333,0.038090
41.566667,-0.069973
41.600000,-0.192320
41.633333,-0.298131
41.666667,-0.354715
41.700000,-0.339360
41.733333,-0.248667
41.766667,-0.101322
41.800000,0.066571
41.833333,0.212196
41.866667,0.299807
41.900000,0.313119
41.933333,0.261710
41.966667,0.179069
42.000000,0.112463
42.033333,0.106350
42.066667,0.183112
42.100000,0.328152
42.133333,0.487315
42.166667,0.580401
42.200000,0.528170
42.233333,0.285594
42.266667,-0.129872
42.300000,-0.630481
42.333333,-1.083603
42.366667,-1.366243
42.400000,-1.422310
42.433333,-1.288626
42.466667,-1.070928
42.500000,-0.879109
42.533333,-0.755621
42.566667,-0.639608
42.600000,-0.394831
42.633333,0.106089
42.666667,0.886113
42.700000,1.814347
42.733333,2.636640
42.766667,3.075598
42.800000,2.950026
42.833333,2.252642
42.866667,1.150731
42.900000,-0.080604
42.933333,-1.153050
42.966667,-1.848871
43.000000,-2.071622
43.033333,-1.855697
43.066667,-1.337732
43.100000,-0.703763
43.133333,-0.132080
43.166667,0.251149
43.200000,0.394435
43.233333,0.319771
43.266667,0.101382
43.300000,-0.166299
43.333333,-0.399011
43.366667,-0.541794
43.400000,-0.574007
43.433333,-0.503224
43.466667,-0.353947
43.500000,-0.157335
43.533333,0.054604
43.566667,0.251347
43.600000,0.406108
43.633333,0.499680
43.666667,0.524561
43.700000,0.487020
43.733333,0.405538
43.766667,0.305208
43.800000,0.209561
43.833333,0.133600
43.866667,0.081774
43.900000,0.050889
43.933333,0.034587
43.966667,0.026408
44.000000,0.021008
44.033333,0.014195
44.066667,0.002490
44.100000,-0.016752
44.133333,-0.043922
44.166667,-0.075569
44.200000,-0.104947
44.233333,-0.125233
44.266667,-0.133201
44.300000,-0.130810
44.333333,-0.123763
44.366667,-0.117891
44.400000,-0.115537
44.433333,-0.114574
44.466667,-0.110901
44.500000,-0.102237
44.533333,-0.090013
44.566667,-0.078271
44.600000,-0.070755
44.633333,-0.067888
44.666667,-0.065235
44.700000,-0.054874
44.733333,-0.029531
44.766667,0.013075
44.800000,0.068440
44.833333,0.126577
44.866667,0.175355
44.900000,0.204870
44.933333,0.211390
44.966667,0.198362
45.000000,0.173387
45.033333,0.143676
45.066667,0.113863
45.100000,0.086951
45.133333,0.065825
45.166667,0.053084
45.200000,0.049396
45.233333,0.051611
45.266667,0.051634
45.300000,0.037272
45.333333,-0.003951
45.366667,-0.078959
45.400000,-0.184225
45.433333,-0.304322
45.466667,-0.414492
45.500000,-0.486589
45.533333,-0.497116
45.566667,-0.434787
45.600000,-0.304469
45.633333,-0.125967
45.666667,0.071180
45.700000,0.254457
45.733333,0.394620
45.766667,0.470502
45.800000,0.472527
45.833333,0.405580
45.866667,0.290481
45.900000,0.161292
45.933333,0.056315
45.966667,0.004813
46.000000,0.015126
46.033333,0.069797
46.066667,0.130547
46.100000,0.152526
46.133333,0.103299
46.166667,-0.021244
46.200000,-0.191259
46.233333,-0.349891
46.266667,-0.430376
46.300000,-0.379044
46.333333,-0.178722
46.366667,0.135463
46.400000,0.476543
46.433333,0.726598
46.466667,0.774681
46.500000,0.561256
46.533333,0.112536
46.566667,-0.455141
46.600000,-0.973304
46.633333,-1.291684
46.666667,-1.346468
46.700000,-1.187192
46.733333,-0.943791
46.766667,-0.748438
46.800000,-0.653168
46.833333,-0.590986
46.866667,-0.408904
46.900000,0.038420
46.933333,0.784984
46.966667,1.700948
47.000000,2.525664
47.033333,2.973386
47.066667,2.858624
47.100000,2.177189
47.133333,1.105429
47.166667,-0.072792
47.200000,-1.068913
47.233333,-1.678591
47.266667,-1.830468
47.300000,-1.586572
47.333333,-1.101587
47.366667,-0.561355
47.400000,-0.125494
47.433333,0.108621
47.466667,0.116450
47.500000,-0.063399
47.533333,-0.351077
47.566667,-0.651284
47.600000,-0.875828
47.633333,-0.959254
47.666667,-0.867699
47.700000,-0.602504
47.733333,-0.199425
47.766667,0.276488
47.800000,0.740892
47.833333,1.105839
47.866667,1.299924
47.900000,1.287535
47.933333,1.079422
47.966667,0.729720
48.000000,0.320412
48.033333,-0.061374
48.066667,-0.346085
48.100000,-0.497240
48.133333,-0.514867
48.166667,-0.427465
48.200000,-0.278003
48.233333,-0.110447
48.266667,0.039137
48.300000,0.145706
48.333333,0.193834
48.366667,0.175078
48.400000,0.087519
48.433333,-0.061718
48.466667,-0.253175
48.500000,-0.454033
48.533333,-0.621428
48.566667,-0.710641
48.600000,-0.686513
48.633333,-0.534348
48.666667,-0.266499
48.700000,0.077217
48.733333,0.435753
48.766667,0.739756
48.800000,0.929173
48.833333,0.969666
48.866667,0.860851
48.900000,0.633651
48.933333,0.339718
48.966667,0.037475
49.000000,-0.221796
49.033333,-0.404480
49.066667,-0.498549
49.100000,-0.510373
49.133333,-0.457646
49.166667,-0.362459
49.200000,-0.246652
49.233333,-0.129565
49.266667,-0.027210
49.300000,0.048422
49.333333,0.090486
49.366667,0.098159
49.400000,0.076230
49.433333,0.033482
49.466667,-0.019148
49.500000,-0.070008
49.533333,-0.107732
49.566667,-0.122083
49.600000,-0.105254
49.633333,-0.054266
49.666667,0.026119
49.700000,0.122083
49.733333,0.212866
49.766667,0.276028
49.800000,0.293997
49.833333,0.259832
49.866667,0.180192
49.900000,0.073765
49.933333,-0.034818
49.966667,-0.122705
50.000000,-0.174567
50.033333,-0.184885
50.066667,-0.157619
50.100000,-0.104368
50.133333,-0.041545
50.166667,0.013045
50.200000,0.043853
50.233333,0.041266
50.266667,0.004522
50.300000,-0.057745
50.333333,-0.130128
50.366667,-0.194813
50.400000,-0.235239
50.433333,-0.237800
50.466667,-0.191912
50.500000,-0.089343
50.533333,0.075505
50.566667,0.301881
50.600000,0.574428
50.633333,0.853802
50.666667,1.073719
50.700000,1.151216
50.733333,1.011321
50.766667,0.619978
50.800000,0.012244
50.833333,-0.701386
50.866667,-1.362633
50.900000,-1.821507
50.933333,-1.994788
50.966667,-1.895136
51.000000,-1.613446
51.033333,-1.262176
51.066667,-0.909311
51.100000,-0.540879
51.133333,-0.077936
51.166667,0.556704
51.200000,1.359921
51.233333,2.207659
51.266667,2.881811
51.300000,3.155209
51.333333,2.891366
51.366667,2.107249
51.400000,0.970541
51.433333,-0.259349
51.466667,-1.313871
51.500000,-1.990167
51.533333,-2.198558
51.566667,-1.972787
51.600000,-1.443380
51.633333,-0.787043
51.666667,-0.172489
51.700000,0.279930
51.733333,0.516369
51.766667,0.545611
51.800000,0.419547
51.833333,0.208198
51.866667,-0.021284
51.900000,-0.217368
51.933333,-0.349357
51.966667,-0.407047
52.000000,-0.396718
52.033333,-0.335665
52.066667,-0.246798
52.100000,-0.153055
52.133333,-0.071356
52.166667,-0.008165
52.200000,0.040440
52.233333,0.084158
52.266667,0.132493
52.300000,0.190656
52.333333,0.258516
52.366667,0.331958
52.400000,0.404759
52.433333,0.468863
52.466667,0.512936
52.500000,0.521993
52.533333,0.480626
52.566667,0.378860
52.600000,0.217379
52.633333,0.010199
52.666667,-0.215499
52.700000,-0.422987
52.733333,-0.573647
52.766667,-0.637115
52.800000,-0.600352
52.833333,-0.472467
52.866667,-0.283232
52.900000,-0.074577
52.933333,0.112766
52.966667,0.251596
53.000000,0.333393
53.033333,0.364662
53.066667,0.358043
53.100000,0.323165
53.133333,0.261149
53.166667,0.165358
53.200000,0.028884
53.233333,-0.144785
53.266667,-0.334192
53.300000,-0.500006
53.333333,-0.593378
53.366667,-0.570796
53.400000,-0.412050
53.433333,-0.134916
53.466667,0.201530
53.500000,0.509040
53.533333,0.694410
53.566667,0.688033
53.600000,0.468888
53.633333,0.078200
53.666667,-0.385663
53.700000,-0.792898
53.733333,-1.020553
53.766667,-0.989254
53.800000,-0.686373
53.833333,-0.169897
53.866667,0.447210
53.900000,1.027478
53.933333,1.445153
53.966667,1.617095
54.000000,1.519838
54.033333,1.189449
54.066667,0.705467
54.100000,0.164290
54.133333,-0.348823
54.166667,-0.779101
54.200000,-1.107093
54.233333,-1.339932
54.266667,-1.495188
54.300000,-1.584458
54.333333,-1.601982
54.366667,-1.521571
54.400000,-1.304002
54.433333,-0.914788
54.466667,-0.347668
54.500000,0.355640
54.533333,1.100277
54.566667,1.754461
54.600000,2.185465
54.633333,2.303531
54.666667,2.094806
54.700000,1.626728
54.733333,1.023054
54.766667,0.422191
54.800000,-0.061672
54.833333,-0.362686
54.866667,-0.471257
54.900000,-0.428853
54.933333,-0.313031
54.966667,-0.216224
55.000000,-0.221714
55.033333,-0.379357
55.066667,-0.685382
55.100000,-1.075826
55.133333,-1.444120
55.166667,-1.682161
55.200000,-1.726765
55.233333,-1.585438
55.266667,-1.324904
55.300000,-1.026371
55.333333,-0.731252
55.366667,-0.410115
55.400000,0.020898
55.433333,0.638537
55.466667,1.439270
55.500000,2.300692
55.533333,3.006659
55.566667,3.329014
55.600000,3.125211
55.633333,2.401092
55.666667,1.309541
55.700000,0.093602
55.733333,-0.992836
55.766667,-1.754925
55.800000,-2.099051
55.833333,-2.040515
55.866667,-1.679528
55.900000,-1.158320
55.933333,-0.616926
55.966667,-0.161403
56.000000,0.149941
56.033333,0.303770
56.066667,0.318721
56.100000,0.230362
56.133333,0.079936
56.166667,-0.092329
56.200000,-0.251393
56.233333,-0.370262
56.266667,-0.431611
56.300000,-0.428495
56.333333,-0.364162
56.366667,-0.249861
56.400000,-0.100326
56.433333,0.070713
56.466667,0.251754
56.500000,0.430958
56.533333,0.592493
56.566667,0.714996
56.600000,0.773963
56.633333,0.748324
56.666667,0.629404
56.700000,0.428011
56.733333,0.175221
56.766667,-0.084393
56.800000,-0.304467
56.833333,-0.449321
56.866667,-0.503204
56.900000,-0.473074
56.933333,-0.383804
56.966667,-0.268125
57.000000,-0.155900
57.033333,-0.066704
57.066667,-0.007532
57.100000,0.024585
57.133333,0.037047
57.166667,0.036578
57.200000,0.027126
57.233333,0.010817
57.266667,-0.009830
57.300000,-0.030264
57.333333,-0.043987
57.366667,-0.044657
57.400000,-0.028886
57.433333,0.002639
57.466667,0.046391
57.500000,0.097549
57.533333,0.149836
57.566667,0.194660
57.600000,0.222039
57.633333,0.223608
57.666667,0.195590
57.700000,0.140138
57.733333,0.065046
57.766667,-0.018000
57.800000,-0.096566
57.833333,-0.160889
57.866667,-0.205865
57.900000,-0.231036
57.933333,-0.239119
57.966667,-0.233649
58.000000,-0.216458
58.033333,-0.186524
58.066667,-0.141159
58.100000,-0.078558
58.133333,0.000016
58.166667,0.088785
58.200000,0.176563
58.233333,0.247427
58.266667,0.284374
58.300000,0.275197
58.333333,0.217786
58.366667,0.122425
58.400000,0.010242
58.433333,-0.092145
58.466667,-0.160553
58.500000,-0.180543
58.533333,-0.150793
58.566667,-0.081938
58.600000,0.007332
58.633333,0.095255
58.666667,0.162402
58.700000,0.196094
58.733333,0.191847
58.766667,0.151445
58.800000,0.079575
58.833333,-0.018676
58.866667,-0.138168
58.900000,-0.271365
58.933333,-0.403886
58.966667,-0.510547
59.000000,-0.555520
59.033333,-0.498879
59.066667,-0.309401
59.100000,0.018809
59.133333,0.451160
59.166667,0.906812
59.200000,1.269493
59.233333,1.416498
59.266667,1.259863
59.300000,0.787173
59.333333,0.084985
59.366667,-0.672212
59.400000,-1.274359
59.433333,-1.554782
59.466667,-1.460905
59.500000,-1.079954
59.533333,-0.602426
59.566667,-0.235721
59.600000,-0.106110
59.633333,-0.197565
59.666667,-0.362394
59.700000,-0.401848
59.733333,-0.174285
59.766667,0.327340
59.800000,0.967191
59.833333,1.526946
59.866667,1.800198
59.900000,1.674001
59.933333,1.165482
59.966667,0.409890
60.000000,-0.385153
60.033333,-1.002876
60.066667,-1.282925
60.100000,-1.170098
60.133333,-0.728258
60.166667,-0.114711
60.200000,0.473620
60.233333,0.862644
60.266667,0.952310
60.300000,0.740446
60.333333,0.311996
60.366667,-0.199475
60.400000,-0.659458
60.433333,-0.970431
60.466667,-1.089965
60.500000,-1.028573
60.533333,-0.833084
60.566667,-0.564202
60.600000,-0.276755
60.633333,-0.008109
60.666667,0.223908
60.700000,0.415594
60.733333,0.568802
60.766667,0.684101
60.800000,0.758432
60.833333,0.786293
60.866667,0.761986
60.900000,0.682182
60.933333,0.549361
60.966667,0.374850
61.000000,0.178292
61.033333,-0.017483
61.066667,-0.193406
61.100000,-0.339141
61.133333,-0.454381
61.166667,-0.546406
61.200000,-0.624793
61.233333,-0.695562
61.266667,-0.757764
61.300000,-0.803679
61.333333,-0.821021
61.366667,-0.795005
61.400000,-0.709785
61.433333,-0.550380
61.466667,-0.306527
61.500000,0.020918
61.533333,0.412609
61.566667,0.826307
61.600000,1.199786
61.633333,1.462785
61.666667,1.555630
61.700000,1.448350
61.733333,1.152216
61.766667,0.717946
61.800000,0.221629
61.833333,-0.254162
61.866667,-0.636522
61.900000,-0.873350
61.933333,-0.940706
61.966667,-0.846328
62.000000,-0.627503
62.033333,-0.342781
62.066667,-0.059393
62.100000,0.161034
62.133333,0.275701
62.166667,0.269109
62.200000,0.153550
62.233333,-0.037880
62.266667,-0.261313
62.300000,-0.470814
62.333333,-0.624512
62.366667,-0.689068
62.400000,-0.643566
62.433333,-0.483600
62.466667,-0.225284
62.500000,0.093181
62.533333,0.415646
62.566667,0.679021
62.600000,0.828782
62.633333,0.834224
62.666667,0.698129
62.700000,0.456504
62.733333,0.167519
62.766667,-0.105911
62.800000,-0.312497
62.833333,-0.422413
62.866667,-0.429359
62.900000,-0.346597
62.933333,-0.200036
62.966667,-0.021629
63.000000,0.155228
63.033333,0.299158
63.066667,0.384595
63.100000,0.395502
63.133333,0.327488
63.166667,0.188268
63.200000,-0.002059
63.233333,-0.210692
63.266667,-0.393513
63.300000,-0.500283
63.333333,-0.484820
63.366667,-0.320136
63.400000,-0.015476
63.433333,0.372411
63.466667,0.743057
63.500000,0.975460
63.533333,0.966216
63.566667,0.670822
63.600000,0.132001
63.633333,-0.521912
63.666667,-1.117432
63.700000,-1.503947
63.733333,-1.616993
63.766667,-1.501355
63.800000,-1.278180
63.833333,-1.070418
63.866667,-0.925014
63.900000,-0.776613
63.933333,-0.480088
63.966667,0.098470
64.000000,0.980607
64.033333,2.024024
64.066667,2.955309
64.100000,3.475275
64.133333,3.384824
64.166667,2.667682
64.200000,1.492621
64.233333,0.144526
64.266667,-1.074350
64.300000,-1.931571
64.333333,-2.316107
64.366667,-2.246469
64.400000,-1.840281
64.433333,-1.261677
64.466667,-0.668204
64.500000,-0.174162
64.533333,0.163242
64.566667,0.337928
64.600000,0.377424
64.633333,0.323400
64.666667,0.217257
64.700000,0.092409
64.733333,-0.028929
64.766667,-0.136239
64.800000,-0.228375
64.833333,-0.308405
64.866667,-0.377203
64.900000,-0.428014
64.933333,-0.444183
64.966667,-0.402041
65.000000,-0.279363
65.033333,-0.066831
65.066667,0.222173
65.100000,0.547792
65.133333,0.848825
65.166667,1.057448
65.200000,1.120086
65.233333,1.016270
65.266667,0.766634
65.300000,0.426694
65.333333,0.069825
65.366667,-0.234021
65.400000,-0.437300
65.433333,-0.525622
65.466667,-0.516744
65.500000,-0.449317
65.533333,-0.367234
65.566667,-0.305624
65.600000,-0.282072
65.633333,-0.294354
65.666667,-0.324185
65.700000,-0.344779
65.733333,-0.329516
65.766667,-0.259917
65.800000,-0.131656
65.833333,0.043218
65.866667,0.239057
65.900000,0.423301
65.933333,0.564292
65.966667,0.637876
66.000000,0.631602
66.033333,0.545730
66.066667,0.391346
66.100000,0.187608
66.133333,-0.040018
66.166667,-0.261463
66.200000,-0.446037
66.233333,-0.568551
66.266667,-0.614520
66.300000,-0.581814
66.333333,-0.478779
66.366667,-0.320587
66.400000,-0.125947
66.433333,0.084043
66.466667,0.284944
66.500000,0.448575
66.533333,0.546250
66.566667,0.555758
66.600000,0.468993
66.633333,0.296743
66.666667,0.068562
66.700000,-0.173040
66.733333,-0.383032
66.766667,-0.525313
66.800000,-0.580716
66.833333,-0.549142
66.866667,-0.446138
66.900000,-0.295696
66.933333,-0.122203
66.966667,0.054775
67.000000,0.220961
67.033333,0.364926
67.066667,0.476316
67.100000,0.546298
67.133333,0.569126
67.166667,0.543768
67.200000,0.475392
67.233333,0.375771
67.266667,0.261025
67.300000,0.146888
67.333333,0.043817
67.366667,-0.046184
67.400000,-0.130476
67.433333,-0.223539
67.466667,-0.340181
67.500000,-0.484976
67.533333,-0.642009
67.566667,-0.770517
67.600000,-0.811188
67.633333,-0.704944
67.666667,-0.420294
67.700000,0.021208
67.733333,0.534556
67.766667,0.984991
67.800000,1.226438
67.833333,1.155273
67.866667,0.759735
67.900000,0.138849
67.933333,-0.527979
67.966667,-1.053996
68.000000,-1.325185
68.033333,-1.343009
68.066667,-1.205074
68.100000,-1.033647
68.133333,-0.891985
68.166667,-0.738468
68.200000,-0.450709
68.233333,0.089066
68.266667,0.896678
68.300000,1.837085
68.333333,2.656785
68.366667,3.083803
68.400000,2.944147
68.433333,2.235596
68.466667,1.126122
68.500000,-0.112633
68.533333,-1.198415
68.566667,-1.920487
68.600000,-2.188613
68.633333,-2.040115
68.666667,-1.607995
68.700000,-1.065307
68.733333,-0.567754
68.766667,-0.213256
68.800000,-0.027712
68.833333,0.023828
68.866667,0.009056
68.900000,-0.003756
68.933333,0.029950
68.966667,0.120609
69.000000,0.247846
69.033333,0.373907
69.066667,0.461469
69.100000,0.488442
69.133333,0.453764
69.166667,0.373481
69.200000,0.271217
69.233333,0.168098
69.266667,0.075875
69.300000,-0.004229
69.333333,-0.076836
69.366667,-0.145609
69.400000,-0.209444
69.433333,-0.263517
69.466667,-0.302900
69.500000,-0.325289
69.533333,-0.330873
69.566667,-0.319214
69.600000,-0.285266
69.633333,-0.218435
69.666667,-0.107353
69.700000,0.051321
69.733333,0.245125
69.766667,0.443652
69.800000,0.604008
69.833333,0.683375
69.866667,0.654967
69.900000,0.520274
69.933333,0.310595
69.966667,0.076440
70.000000,-0.130049
70.033333,-0.271870
70.066667,-0.336709
70.100000,-0.335986
70.133333,-0.294714
70.166667,-0.238357
70.200000,-0.184079
70.233333,-0.139395
70.266667,-0.105761
70.300000,-0.082792
70.333333,-0.070375
70.366667,-0.067988
70.400000,-0.072520
70.433333,-0.077283
70.466667,-0.074044
70.500000,-0.056837
70.533333,-0.024682
70.566667,0.018240
70.600000,0.064331
70.633333,0.105308
70.666667,0.134963
70.700000,0.150591
70.733333,0.152301
70.766667,0.141288
70.800000,0.118839
70.833333,0.086284
70.866667,0.045111
70.900000,-0.002712
70.933333,-0.053819
70.966667,-0.102911
71.000000,-0.143965
71.033333,-0.172564
71.066667,-0.187251
71.100000,-0.188908
71.133333,-0.178753
71.166667,-0.155936
71.200000,-0.115982
71.233333,-0.052054
71.266667,0.040153
71.300000,0.156464
71.333333,0.281470
71.366667,0.391074
71.400000,0.459217
71.433333,0.466472
71.466667,0.407685
71.500000,0.294998
71.533333,0.153721
71.566667,0.012570
71.600000,-0.106778
71.633333,-0.196448
71.666667,-0.263457
71.700000,-0.324534
71.733333,-0.395461
71.766667,-0.478557
71.800000,-0.554001
71.833333,-0.580006
71.866667,-0.504189
71.900000,-0.285182
71.933333,0.081510
71.966667,0.544650
72.000000,0.997330
72.033333,1.301476
72.066667,1.332274
72.100000,1.029144
72.133333,0.433138
72.166667,-0.311354
72.200000,-1.002361
72.233333,-1.459988
72.266667,-1.601788
72.300000,-1.472754
72.333333,-1.211766
72.366667,-0.969920
72.400000,-0.822529
72.433333,-0.723380
72.466667,-0.531158
72.500000,-0.098597
72.533333,0.624245
72.566667,1.532640
72.600000,2.390676
72.633333,2.925536
72.666667,2.944190
72.700000,2.413156
72.733333,1.465972
72.766667,0.345446
72.800000,-0.683413
72.833333,-1.413276
72.866667,-1.744579
72.900000,-1.695874
72.933333,-1.376597
72.966667,-0.937275
73.000000,-0.518852
73.033333,-0.217962
73.066667,-0.074041
73.100000,-0.075231
73.133333,-0.175720
73.166667,-0.315862
73.200000,-0.438328
73.233333,-0.498392
73.266667,-0.470213
73.300000,-0.350453
73.333333,-0.158229
73.366667,0.069810
73.400000,0.288884
73.433333,0.458076
73.466667,0.551690
73.500000,0.565679
73.533333,0.516147
73.566667,0.431133
73.600000,0.340068
73.633333,0.264865
73.666667,0.214657
73.700000,0.185623
73.733333,0.166310
73.766667,0.145568
73.800000,0.117813
73.833333,0.082624
73.866667,0.040590
73.900000,-0.010338
73.933333,-0.074968
73.966667,-0.157084
74.000000,-0.254030
74.033333,-0.353635
74.066667,-0.436313
74.100000,-0.481442
74.133333,-0.474377
74.166667,-0.410840
74.200000,-0.297405
74.233333,-0.148452
74.266667,0.018722
74.300000,0.187861
74.333333,0.344813
74.366667,0.476170
74.400000,0.567697
74.433333,0.604104
74.466667,0.570870
74.500000,0.459099
74.533333,0.273283
74.566667,0.037661
74.600000,-0.205465
74.633333,-0.407271
74.666667,-0.527850
74.700000,-0.547690
74.733333,-0.471871
74.766667,-0.327576
74.800000,-0.156042
74.833333,-0.000571
74.866667,0.105626
74.900000,0.147066
74.933333,0.126918
74.966667,0.062577
75.000000,-0.021077
75.033333,-0.098422
75.066667,-0.148848
75.100000,-0.161032
75.133333,-0.134914
75.166667,-0.080450
75.200000,-0.013041
75.233333,0.053016
75.266667,0.110412
75.300000,0.160905
75.333333,0.211548
75.366667,0.266466
75.400000,0.319480
75.433333,0.353403
75.466667,0.347506
75.500000,0.288687
75.533333,0.179633
75.566667,0.039825
75.600000,-0.100708
75.633333,-0.212056
75.666667,-0.274820
75.700000,-0.285343
75.733333,-0.253778
75.766667,-0.197602
75.800000,-0.135148
75.833333,-0.081661
75.866667,-0.047411
75.900000,-0.036638
75.933333,-0.046837
75.966667,-0.068478
76.000000,-0.085801
76.033333,-0.079749
76.066667,-0.033160
76.100000,0.063416
76.133333,0.207455
76.166667,0.382566
76.200000,0.558938
76.233333,0.696436
76.266667,0.750765
76.300000,0.682210
76.333333,0.466314
76.366667,0.106120
76.400000,-0.356923
76.433333,-0.842004
76.466667,-1.247599
76.500000,-1.488444
76.533333,-1.533202
76.566667,-1.418742
76.600000,-1.227561
76.633333,-1.035967
76.666667,-0.860114
76.700000,-0.634041
76.733333,-0.241390
76.766667,0.407937
76.800000,1.296840
76.833333,2.266138
76.866667,3.053736
76.900000,3.394855
76.933333,3.135013
76.966667,2.298362
77.000000,1.079356
77.033333,-0.230846
77.066667,-1.342307
77.100000,-2.048480
77.133333,-2.270381
77.166667,-2.057355
77.200000,-1.551466
77.233333,-0.932397
77.266667,-0.363428
77.300000,0.045952
77.333333,0.254550
77.366667,0.282640
77.400000,0.190236
77.433333,0.049796
77.466667,-0.077249
77.500000,-0.154344
77.533333,-0.172848
77.566667,-0.146300
77.600000,-0.099587
77.633333,-0.057531
77.666667,-0.036447
77.700000,-0.040028
77.733333,-0.059438
77.766667,-0.077216
77.800000,-0.073834
77.833333,-0.034338
77.866667,0.047274
77.900000,0.166278
77.933333,0.307263
77.966667,0.446097
78.000000,0.554535
78.033333,0.606860
78.066667,0.586574
78.100000,0.491376
78.133333,0.335181
78.166667,0.145809
78.200000,-0.042159
78.233333,-0.197104
78.266667,-0.298752
78.300000,-0.342582
78.333333,-0.339775
78.366667,-0.312856
78.400000,-0.287545
78.433333,-0.282930
78.466667,-0.303625
78.500000,-0.337031
78.533333,-0.357003
78.566667,-0.333159
78.600000,-0.242932
78.633333,-0.081769
78.666667,0.132420
78.700000,0.361708
78.733333,0.556493
78.766667,0.668142
78.800000,0.663302
78.833333,0.535355
78.866667,0.308380
78.900000,0.031940
78.933333,-0.231622
78.966667,-0.424022
79.000000,-0.507371
79.033333,-0.474306
79.066667,-0.347925
79.100000,-0.172219
79.133333,0.002392
79.166667,0.133373
79.200000,0.196448
79.233333,0.189417
79.266667,0.128684
79.300000,0.040923
79.333333,-0.045945
79.366667,-0.109631
79.400000,-0.137656
79.433333,-0.128778
79.466667,-0.091435
79.500000,-0.039721
79.533333,0.011618
79.566667,0.051675
79.600000,0.076205
79.633333,0.087704
79.666667,0.092603
79.700000,0.097221
79.733333,0.104582
79.766667,0.112889
79.800000,0.115565
79.833333,0.103471
79.866667,0.069732
79.900000,0.015281
79.933333,-0.048628
79.966667,-0.103242
80.000000,-0.129459
80.033333,-0.116078
80.066667,-0.065502
80.100000,0.005844
80.133333,0.072608
80.166667,0.108630
80.200000,0.094868
80.233333,0.025422
80.266667,-0.089109
80.300000,-0.221803
80.333333,-0.333488
80.366667,-0.379866
80.400000,-0.321129
80.433333,-0.134432
80.466667,0.172259
80.500000,0.550627
80.533333,0.913979
80.566667,1.154265
80.600000,1.172072
80.633333,0.912822
80.666667,0.397078
80.700000,-0.272304
80.733333,-0.939370
80.766667,-1.454355
80.800000,-1.734099
80.833333,-1.789033
80.866667,-1.699694
80.900000,-1.554038
80.933333,-1.380206
80.966667,-1.116103
81.000000,-0.641245
81.033333,0.138928
81.066667,1.202070
81.100000,2.367945
81.133333,3.339417
81.166667,3.812395
81.200000,3.602429
81.233333,2.724475
81.266667,1.388109
81.300000,-0.082251
81.333333,-1.357928
81.366667,-2.200902
81.400000,-2.515480
81.433333,-2.349573
81.466667,-1.854327
81.500000,-1.222083
81.533333,-0.626074
81.566667,-0.179616
81.600000,0.077870
81.633333,0.170226
81.666667,0.158220
81.700000,0.109441
81.733333,0.074911
81.766667,0.077807
81.800000,0.114528
81.833333,0.165099
81.866667,0.207527
81.900000,0.229227
81.933333,0.230501
81.966667,0.220286
82.000000,0.208545
82.033333,0.199744
82.066667,0.189882
82.100000,0.168286
82.133333,0.123777
82.166667,0.051999
82.200000,-0.040398
82.233333,-0.136726
82.266667,-0.215128
82.300000,-0.255212
82.333333,-0.244481
82.366667,-0.182499
82.400000,-0.081263
82.433333,0.037876
82.466667,0.149334
82.500000,0.229484
82.533333,0.262934
82.566667,0.246680
82.600000,0.190069
82.633333,0.110949
82.666667,0.030185
82.700000,-0.033949
82.733333,-0.070670
82.766667,-0.079230
82.800000,-0.067348
82.833333,-0.046290
82.866667,-0.025686
82.900000,-0.010620
82.933333,-0.001551
82.966667,0.003479
83.000000,0.005687
83.033333,0.003636
83.066667,-0.005893
83.100000,-0.025319
83.133333,-0.054526
83.166667,-0.090875
83.200000,-0.129732
83.233333,-0.164428
83.266667,-0.186052
83.300000,-0.184023
83.333333,-0.148225
83.366667,-0.073173
83.400000,0.036816
83.433333,0.164591
83.466667,0.282354
83.500000,0.359071
83.533333,0.370037
83.566667,0.305055
83.600000,0.172478
83.633333,-0.002632
83.666667,-0.185961
83.700000,-0.343618
83.733333,-0.449672
83.766667,-0.489527
83.800000,-0.459863
83.833333,-0.366607
83.866667,-0.222367
83.900000,-0.044830
83.933333,0.143457
83.966667,0.315714
84.000000,0.444293
84.033333,0.506877
84.066667,0.493248
84.100000,0.409959
84.133333,0.280641
84.166667,0.140275
84.200000,0.024063
84.233333,-0.044536
84.266667,-0.060747
84.300000,-0.037740
84.333333,0.000162
84.366667,0.026904
84.400000,0.023439
84.433333,-0.017315
84.466667,-0.090940
84.500000,-0.185773
84.533333,-0.287088
84.566667,-0.378457
84.600000,-0.440492
84.633333,-0.449394
84.666667,-0.378947
84.700000,-0.208979
84.733333,0.060499
84.766667,0.395973
84.800000,0.726999
84.833333,0.958661
84.866667,0.999573
84.900000,0.798382
84.933333,0.374776
84.966667,-0.173726
85.000000,-0.702255
85.033333,-1.078916
85.066667,-1.244575
85.100000,-1.236316
85.133333,-1.157443
85.166667,-1.107316
85.200000,-1.108942
85.233333,-1.078054
85.266667,-0.859004
85.300000,-0.315578
85.333333,0.571039
85.366667,1.654373
85.400000,2.656821
85.433333,3.273569
85.466667,3.295969
85.500000,2.693539
85.533333,1.618756
85.566667,0.343025
85.600000,-0.837668
85.633333,-1.688737
85.666667,-2.091292
85.700000,-2.054985
85.733333,-1.691378
85.766667,-1.162426
85.800000,-0.626173
85.833333,-0.197978
85.866667,0.065429
85.900000,0.161762
85.933333,0.126729
85.966667,0.014238
86.000000,-0.120118
86.033333,-0.229894
86.066667,-0.283771
86.100000,-0.267740
86.133333,-0.183866
86.166667,-0.046560
86.200000,0.121952
86.233333,0.295818
86.266667,0.449196
86.300000,0.559193
86.333333,0.608144
86.366667,0.586031
86.400000,0.493544
86.433333,0.344154
86.466667,0.162489
86.500000,-0.021612
86.533333,-0.180740
86.566667,-0.295795
86.600000,-0.358165
86.633333,-0.368258
86.666667,-0.332233
86.700000,-0.259535
86.733333,-0.162589
86.766667,-0.057499
86.800000,0.036516
86.833333,0.100213
86.866667,0.119732
86.900000,0.092773
86.933333,0.032501
86.966667,-0.034428
87.000000,-0.076653
87.033333,-0.070065
87.066667,-0.007288
87.100000,0.099023
87.133333,0.219648
87.166667,0.317835
87.200000,0.361138
87.233333,0.331792
87.266667,0.231883
87.300000,0.082476
87.333333,-0.082025
87.366667,-0.223136
87.400000,-0.309583
87.433333,-0.327074
87.466667,-0.282267
87.500000,-0.199233
87.533333,-0.110151
87.566667,-0.043578
87.600000,-0.014341
87.633333,-0.019250
87.666667,-0.040854
87.700000,-0.057017
87.733333,-0.050993
87.766667,-0.017648
87.800000,0.035604
87.833333,0.092691
87.866667,0.135872
87.900000,0.152602
87.933333,0.138995
87.966667,0.099308
88.000000,0.043464
88.033333,-0.015592
88.066667,-0.064525
88.100000,-0.092366
88.133333,-0.092935
88.166667,-0.066507
88.200000,-0.020396
88.233333,0.032324
88.266667,0.076341
88.300000,0.098537
88.333333,0.091141
88.366667,0.052823
88.400000,-0.011298
88.433333,-0.089828
88.466667,-0.165605
88.500000,-0.217251
88.533333,-0.222708
88.566667,-0.165646
88.600000,-0.043832
88.633333,0.124482
88.666667,0.301032
88.700000,0.436661
88.733333,0.486432
88.766667,0.425579
88.800000,0.260692
88.833333,0.031678
88.866667,-0.197055
88.900000,-0.353717
88.933333,-0.379846
88.966667,-0.249795
89.000000,0.015989
89.033333,0.349383
89.066667,0.648047
89.100000,0.802076
89.133333,0.727568
89.166667,0.398772
89.200000,-0.131753
89.233333,-0.738021
89.266667,-1.258611
89.300000,-1.558593
89.333333,-1.586907
89.366667,-1.397072
89.400000,-1.115833
89.433333,-0.871253
89.466667,-0.715366
89.500000,-0.585560
89.533333,-0.334614
89.566667,0.178331
89.600000,0.984576
89.633333,1.952627
89.666667,2.820595
89.700000,3.301245
89.733333,3.205817
89.766667,2.523021
89.800000,1.417960
89.833333,0.162799
89.866667,-0.958740
89.900000,-1.733464
89.933333,-2.066180
89.966667,-1.986214
90.000000,-1.617145
90.033333,-1.124246
90.066667,-0.659996
90.100000,-0.324984
90.133333,-0.152609
90.166667,-0.117102
90.200000,-0.157743
90.233333,-0.208043
90.266667,-0.218876
90.300000,-0.169671
90.333333,-0.067722
90.366667,0.061079
90.400000,0.185429
90.433333,0.280216
90.466667,0.332184
90.500000,0.339395
90.533333,0.307827
90.566667,0.248074
90.600000,0.172910
90.633333,0.095741
90.666667,0.029992
90.700000,-0.011616
90.733333,-0.019387
90.766667,0.009752
90.800000,0.069708
90.833333,0.145494
90.866667,0.216470
90.900000,0.262015
90.933333,0.268313
90.966667,0.233172
91.000000,0.165730
91.033333,0.081341
91.066667,-0.004655
91.100000,-0.080932
91.133333,-0.141278
91.166667,-0.183509
91.200000,-0.207219
91.233333,-0.212029
91.266667,-0.197940
91.300000,-0.167308
91.333333,-0.126257
91.366667,-0.084282
91.400000,-0.052454
91.433333,-0.040700
91.466667,-0.054429
91.500000,-0.091746
91.533333,-0.142982
91.566667,-0.192827
91.600000,-0.223858
91.633333,-0.220620
91.666667,-0.173861
91.700000,-0.083527
91.733333,0.041091
91.766667,0.183470
91.800000,0.322120
91.833333,0.432889
91.866667,0.493581
91.900000,0.491131
91.933333,0.427467
91.966667,0.320028
92.000000,0.196929
92.033333,0.089224
92.066667,0.022086
92.100000,0.006419
92.133333,0.033828
92.166667,0.077588
92.200000,0.099746
92.233333,0.062344
92.266667,-0.059883
92.300000,-0.268996
92.333333,-0.539956
92.366667,-0.825398
92.400000,-1.066505
92.433333,-1.205101
92.466667,-1.194130
92.500000,-1.006758
92.533333,-0.644764
92.566667,-0.144509
92.600000,0.423623
92.633333,0.965994
92.666667,1.386291
92.700000,1.610036
92.733333,1.604055
92.766667,1.383646
92.800000,1.005616
92.833333,0.550717
92.866667,0.101983
92.900000,-0.274364
92.933333,-0.540729
92.966667,-0.690695
93.000000,-0.742654
93.033333,-0.726874
93.066667,-0.670701
93.100000,-0.587774
93.133333,-0.475331
93.166667,-0.319752
93.200000,-0.107509
93.233333,0.162124
93.266667,0.466569
93.300000,0.755996
93.333333,0.959515
93.366667,1.002039
93.400000,0.828718
93.433333,0.430629
93.466667,-0.137925
93.500000,-0.762656
93.533333,-1.300542
93.566667,-1.631462
93.600000,-1.706203
93.633333,-1.563770
93.666667,-1.305147
93.700000,-1.033641
93.733333,-0.791726
93.766667,-0.531434
93.800000,-0.142427
93.833333,0.470202
93.866667,1.301007
93.900000,2.205696
93.933333,2.938364
93.966667,3.249800
94.000000,2.996493
94.033333,2.203912
94.066667,1.055769
94.100000,-0.176310
94.133333,-1.222973
94.166667,-1.891621
94.200000,-2.107109
94.233333,-1.914120
94.266667,-1.446000
94.300000,-0.873789
94.333333,-0.354007
94.366667,0.009191
94.400000,0.179672
94.433333,0.182696
94.466667,0.081954
94.500000,-0.049597
94.533333,-0.154338
94.566667,-0.203125
94.600000,-0.195560
94.633333,-0.150360
94.666667,-0.091434
94.700000,-0.036201
94.733333,0.009377
94.766667,0.048813
94.800000,0.089213
94.833333,0.135094
94.866667,0.184698
94.900000,0.230402
94.933333,0.262693
94.966667,0.274764
95.000000,0.264751
95.033333,0.235206
95.066667,0.191393
95.100000,0.139588
95.133333,0.085493
95.166667,0.033125
95.200000,-0.015178
95.233333,-0.057801
95.266667,-0.092809
95.300000,-0.117303
95.333333,-0.127370
95.366667,-0.119248
95.400000,-0.091818
95.433333,-0.049008
95.466667,-0.000096
95.500000,0.042596
95.533333,0.067491
95.566667,0.067626
95.600000,0.043289
95.633333,0.002106
95.666667,-0.043809
95.700000,-0.082093
95.733333,-0.103485
95.766667,-0.103356
95.800000,-0.081877
95.833333,-0.043256
95.866667,0.005743
95.900000,0.057257
95.933333,0.102961
95.966667,0.134351
96.000000,0.143781
96.033333,0.126376
96.066667,0.081925
96.100000,0.016072
96.133333,-0.059635
96.166667,-0.129713
96.200000,-0.179147
96.233333,-0.198619
96.266667,-0.187744
96.300000,-0.154539
96.333333,-0.111426
96.366667,-0.069477
96.400000,-0.033590
96.433333,-0.001428
96.466667,0.033111
96.500000,0.074436
96.533333,0.121531
96.566667,0.167622
96.600000,0.202404
96.633333,0.215570
96.666667,0.200608
96.700000,0.157513
96.733333,0.093160
96.766667,0.019433
96.800000,-0.049832
96.833333,-0.102453
96.866667,-0.131485
96.900000,-0.137319
96.933333,-0.126817
96.966667,-0.109700
97.000000,-0.094013
97.033333,-0.082487
97.066667,-0.071246
97.100000,-0.051957
97.133333,-0.017111
97.166667,0.034340
97.200000,0.094287
97.233333,0.146919
97.266667,0.173363
97.300000,0.158138
97.333333,0.096079
97.366667,-0.002453
97.400000,-0.110391
97.433333,-0.188093
97.466667,-0.192948
97.500000,-0.093850
97.533333,0.112612
97.566667,0.390911
97.600000,0.667525
97.633333,0.847197
97.666667,0.841844
97.700000,0.604696
97.733333,0.157537
97.766667,-0.404749
97.800000,-0.943078
97.833333,-1.329296
97.866667,-1.500324
97.900000,-1.480048
97.933333,-1.354334
97.966667,-1.210673
98.000000,-1.075185
98.033333,-0.885424
98.066667,-0.522025
98.100000,0.111149
98.133333,1.002283
98.166667,1.995036
98.200000,2.827931
98.233333,3.234815
98.266667,3.056764
98.300000,2.308948
98.333333,1.172604
98.366667,-0.075113
98.400000,-1.153830
98.433333,-1.858301
98.466667,-2.102627
98.500000,-1.924529
98.533333,-1.454322
98.566667,-0.863105
98.600000,-0.309917
98.633333,0.096004
98.666667,0.310532
98.700000,0.348446
98.733333,0.262344
98.766667,0.116762
98.800000,-0.032691
98.833333,-0.150031
98.866667,-0.219907
98.900000,-0.242428
98.933333,-0.225835
98.966667,-0.180494
99.000000,-0.115976
99.033333,-0.040599
99.066667,0.038217
99.100000,0.113590
99.133333,0.178926
99.166667,0.228121
99.200000,0.256379
99.233333,0.260923
99.266667,0.241158
99.300000,0.198976
99.333333,0.139787
99.366667,0.073067
99.400000,0.010817
99.433333,-0.035732
99.466667,-0.059243
99.500000,-0.057861
99.533333,-0.035110
99.566667,0.001778
99.600000,0.044527
99.633333,0.086030
99.666667,0.120830
99.700000,0.144289
99.733333,0.151872
99.766667,0.139251
99.800000,0.103177
99.833333,0.043186
99.866667,-0.036204
99.900000,-0.124411
99.933333,-0.206454
99.966667,-0.266945
100.000000,-0.294334
100.033333,-0.283805
100.066667,-0.238243
100.100000,-0.166986
100.133333,-0.082697
100.166667,0.002085
100.200000,0.077032
100.233333,0.134617
100.266667,0.170018
100.300000,0.180808
100.333333,0.166647
100.366667,0.129636
100.400000,0.075496
100.433333,0.014127
100.466667,-0.042060
100.500000,-0.081541
100.533333,-0.096831
100.566667,-0.086250
100.600000,-0.054376
100.633333,-0.011138
100.666667,0.030701
100.700000,0.059040
100.733333,0.065777
100.766667,0.049362
100.800000,0.016025
100.833333,-0.021578
100.866667,-0.048923
100.900000,-0.055607
100.933333,-0.039536
100.966667,-0.007479
101.000000,0.027772
101.033333,0.052412
101.066667,0.057050
101.100000,0.040103
101.133333,0.007505
101.166667,-0.030541
101.200000,-0.063440
101.233333,-0.083015
101.266667,-0.084769
101.300000,-0.067566
101.333333,-0.032379
101.366667,0.018346
101.400000,0.079710
101.433333,0.142825
101.466667,0.194677
101.500000,0.220198
101.533333,0.206086
101.566667,0.145819
101.600000,0.044650
101.633333,-0.077767
101.666667,-0.189204
101.700000,-0.251265
101.733333,-0.229335
101.766667,-0.104968
101.800000,0.111914
101.833333,0.376516
101.866667,0.614091
101.900000,0.737851
101.933333,0.676079
101.966667,0.401247
102.000000,-0.049098
102.033333,-0.572698
102.066667,-1.033237
102.100000,-1.314307
102.133333,-1.370999
102.166667,-1.248838
102.200000,-1.055214
102.233333,-0.894404
102.266667,-0.799584
102.300000,-0.702156
102.333333,-0.463498
102.366667,0.040474
102.400000,0.826995
102.433333,1.761782
102.466667,2.592830
102.500000,3.049739
102.533333,2.958685
102.566667,2.314458
102.600000,1.277420
102.633333,0.106890
102.666667,-0.929509
102.700000,-1.633182
102.733333,-1.918299
102.766667,-1.815989
102.800000,-1.443722
102.833333,-0.954973
102.866667,-0.489457
102.900000,-0.139934
102.933333,0.058550
102.966667,0.120074
103.000000,0.087964
103.033333,0.013064
103.066667,-0.062425
103.100000,-0.112753
103.133333,-0.129171
103.166667,-0.115805
103.200000,-0.083517
103.233333,-0.044277
103.266667,-0.007494
103.300000,0.021911
103.333333,0.044239
103.366667,0.064236
103.400000,0.088568
103.433333,0.122707
103.466667,0.168598
103.500000,0.223353
103.533333,0.278812
103.566667,0.322800
103.600000,0.342760
103.633333,0.330338
103.666667,0.284206
103.700000,0.209796
103.733333,0.116677
103.766667,0.015079
103.800000,-0.086896
103.833333,-0.183792
103.866667,-0.270568
103.900000,-0.339432
103.933333,-0.378675
103.966667,-0.374924
104.000000,-0.317980
104.033333,-0.206345
104.066667,-0.051176
104.100000,0.123719
104.133333,0.286916
104.166667,0.407545
104.200000,0.462898
104.233333,0.442991
104.266667,0.351897
104.300000,0.206286
104.333333,0.031207
104.366667,-0.146020
104.400000,-0.301616
104.433333,-0.418808
104.466667,-0.488299
104.500000,-0.506475
104.533333,-0.473133
104.566667,-0.390641
104.600000,-0.264936
104.633333,-0.106944
104.666667,0.067060
104.700000,0.236383
104.733333,0.378087
104.766667,0.470788
104.800000,0.499601
104.833333,0.460126
104.866667,0.359748
104.900000,0.216650
104.933333,0.057425
104.966667,-0.087425
105.000000,-0.190804
105.033333,-0.236896
105.066667,-0.225446
105.100000,-0.170475
105.133333,-0.094729
105.166667,-0.022306
105.200000,0.028308
105.233333,0.048489
105.266667,0.039539
105.300000,0.009575
105.333333,-0.030239
105.366667,-0.068687
105.400000,-0.096807
105.433333,-0.109210
105.466667,-0.103666
105.500000,-0.079555
105.533333,-0.037109
105.566667,0.021496
105.600000,0.089989
105.633333,0.156430
105.666667,0.203816
105.700000,0.214075
105.733333,0.174803
105.766667,0.085367
105.800000,-0.041308
105.833333,-0.181703
105.866667,-0.306593
105.900000,-0.385336
105.933333,-0.389329
105.966667,-0.295923
106.000000,-0.094287
106.033333,0.206128
106.066667,0.566758
106.100000,0.916711
106.133333,1.161688
106.166667,1.206760
106.200000,0.987785
106.233333,0.501653
106.266667,-0.176828
106.300000,-0.903962
106.333333,-1.508067
106.366667,-1.851357
106.400000,-1.884655
106.433333,-1.664803
106.466667,-1.321693
106.500000,-0.987654
106.533333,-0.723391
106.566667,-0.481888
106.600000,-0.137235
106.633333,0.429867
106.666667,1.236078
106.700000,2.147286
106.733333,2.911671
106.766667,3.261257
106.800000,3.030321
106.833333,2.229549
106.866667,1.041770
106.900000,-0.249405
106.933333,-1.356591
106.966667,-2.071081
107.000000,-2.308552
107.033333,-2.112024
107.066667,-1.618005
107.100000,-1.001981
107.133333,-0.423995
107.166667,0.009248
107.200000,0.258429
107.233333,0.343138
107.266667,0.318292
107.300000,0.246436
107.333333,0.176267
107.366667,0.132445
107.400000,0.116007
107.433333,0.112171
107.466667,0.101775
107.500000,0.071960
107.533333,0.022071
107.566667,-0.036654
107.600000,-0.086025
107.633333,-0.108217
107.666667,-0.093334
107.700000,-0.044649
107.733333,0.021230
107.766667,0.079945
107.800000,0.108616
107.833333,0.095214
107.866667,0.044520
107.900000,-0.022269
107.933333,-0.075317
107.966667,-0.088679
108.000000,-0.051970
108.033333,0.024268
108.066667,0.112033
108.100000,0.177054
108.133333,0.193127
108.166667,0.153025
108.200000,0.070843
108.233333,-0.024731
108.266667,-0.102202
108.300000,-0.138549
108.333333,-0.125567
108.366667,-0.069387
108.400000,0.015273
108.433333,0.111784
108.466667,0.205228
108.500000,0.282439
108.533333,0.330822
108.566667,0.338372
108.600000,0.295851
108.633333,0.200690
108.666667,0.060781
108.700000,-0.104733
108.733333,-0.269310
108.766667,-0.405980
108.800000,-0.494065
108.833333,-0.523271
108.866667,-0.494524
108.900000,-0.417866
108.933333,-0.308459
108.966667,-0.182548
109.000000,-0.054666
109.033333,0.063944
109.066667,0.165939
109.100000,0.247171
109.133333,0.304829
109.166667,0.336014
109.200000,0.337957
109.233333,0.309280
109.266667,0.251165
109.300000,0.168560
109.333333,0.071515
109.366667,-0.025023
109.400000,-0.104652
109.433333,-0.154982
109.466667,-0.171854
109.500000,-0.160284
109.533333,-0.132180
109.566667,-0.101583
109.600000,-0.078762
109.633333,-0.065893
109.666667,-0.056998
109.700000,-0.042122
109.733333,-0.013036
109.766667,0.032427
109.800000,0.089052
109.833333,0.146379
109.866667,0.193173
109.900000,0.221477
109.933333,0.227745
109.966667,0.211179
110.000000,0.171523
110.033333,0.108200
110.066667,0.021362
110.100000,-0.085244
110.133333,-0.200558
110.166667,-0.303964
110.200000,-0.366882
110.233333,-0.358667
110.266667,-0.255634
110.300000,-0.051716
110.333333,0.231547
110.366667,0.540257
110.400000,0.793796
110.433333,0.902952
110.466667,0.797633
110.500000,0.456930
110.533333,-0.069868
110.566667,-0.665325
110.600000,-1.177766
110.633333,-1.478877
110.666667,-1.518235
110.700000,-1.343934
110.733333,-1.074092
110.766667,-0.829893
110.800000,-0.663530
110.833333,-0.522429
110.866667,-0.276664
110.900000,0.198486
110.933333,0.929548
110.966667,1.797282
111.000000,2.566011
111.033333,2.977907
111.066667,2.864403
111.100000,2.218160
111.133333,1.193351
111.166667,0.043274
111.200000,-0.967974
111.233333,-1.643364
111.266667,-1.899018
111.300000,-1.770454
111.333333,-1.382076
111.366667,-0.894596
111.400000,-0.451843
111.433333,-0.144888
111.466667,-0.000914
111.500000,0.006077
111.533333,-0.068017
111.566667,-0.162220
111.600000,-0.228699
111.633333,-0.241542
111.666667,-0.197240
111.700000,-0.109226
111.733333,0.000624
111.766667,0.110025
111.800000,0.201272
111.833333,0.263228
111.866667,0.291744
111.900000,0.289138
111.933333,0.262593
111.966667,0.222098
112.000000,0.178764
112.033333,0.143093
112.066667,0.122423
112.100000,0.118288
112.133333,0.125523
112.166667,0.133905
112.200000,0.131661
112.233333,0.109905
112.266667,0.066699
112.300000,0.008550
112.333333,-0.052188
112.366667,-0.102912
112.400000,-0.136210
112.433333,-0.152501
112.466667,-0.158872
112.500000,-0.164422
112.533333,-0.174130
112.566667,-0.184700
112.600000,-0.185181
112.633333,-0.162075
112.666667,-0.106248
112.700000,-0.018657
112.733333,0.087490
112.766667,0.189704
112.800000,0.263696
112.833333,0.291843
112.866667,0.268627
112.900000,0.201543
112.933333,0.108308
112.966667,0.011472
113.000000,-0.068418
113.033333,-0.118864
113.066667,-0.138278
113.100000,-0.134977
113.133333,-0.123210
113.166667,-0.117275
113.200000,-0.125177
113.233333,-0.144444
113.266667,-0.162557
113.300000,-0.162000
113.333333,-0.127705
113.366667,-0.054183
113.400000,0.050111
113.433333,0.163517
113.466667,0.257674
113.500000,0.307187
113.533333,0.297936
113.566667,0.230897
113.600000,0.120960
113.633333,-0.008264
113.666667,-0.131635
113.700000,-0.228644
113.733333,-0.286084
113.766667,-0.297565
113.800000,-0.262246
113.833333,-0.184491
113.866667,-0.074334
113.900000,0.052280
113.933333,0.174753
113.966667,0.271541
114.000000,0.325781
114.033333,0.330184
114.066667,0.288486
114.100000,0.213179
114.133333,0.121297
114.166667,0.029934
114.200000,-0.047605
114.233333,-0.104149
114.266667,-0.139073
114.300000,-0.157564
114.333333,-0.169426
114.366667,-0.186592
114.400000,-0.218138
114.433333,-0.263692
114.466667,-0.308198
114.500000,-0.321343
114.533333,-0.264290
114.566667,-0.104713
114.600000,0.162992
114.633333,0.501183
114.666667,0.826992
114.700000,1.030821
114.733333,1.012139
114.766667,0.721519
114.800000,0.192611
114.833333,-0.454070
114.866667,-1.046419
114.900000,-1.426100
114.933333,-1.513698
114.966667,-1.338630
115.000000,-1.016058
115.033333,-0.680932
115.066667,-0.413062
115.100000,-0.195380
115.133333,0.066706
115.166667,0.471881
115.200000,1.038869
115.233333,1.665344
115.266667,2.157362
115.300000,2.314480
115.333333,2.024720
115.366667,1.319972
115.400000,0.366760
115.433333,-0.596621
115.466667,-1.342855
115.500000,-1.724906
115.533333,-1.710995
115.566667,-1.377929
115.600000,-0.869925
115.633333,-0.343106
115.666667,0.081114
115.700000,0.339670
115.733333,0.427409
115.766667,0.379900
115.800000,0.250161
115.833333,0.089534
115.866667,-0.061853
115.900000,-0.176798
115.933333,-0.240090
115.966667,-0.247775
116.000000,-0.206117
116.033333,-0.129336
116.066667,-0.036234
116.100000,0.054007
116.133333,0.126081
116.166667,0.171207
116.200000,0.187068
116.233333,0.176136
116.266667,0.144260
116.300000,0.099782
116.333333,0.052146
116.366667,0.009931
116.400000,-0.020680
116.433333,-0.036500
116.466667,-0.037341
116.500000,-0.025461
116.533333,-0.004259
116.566667,0.023039
116.600000,0.053585
116.633333,0.084051
116.666667,0.109837
116.700000,0.125124
116.733333,0.123822
116.766667,0.101563
116.800000,0.058442
116.833333,0.000880
116.866667,-0.059371
116.900000,-0.109010
116.933333,-0.137660
116.966667,-0.140958
117.000000,-0.121362
117.033333,-0.086524
117.066667,-0.046088
117.100000,-0.008710
117.133333,0.019371
117.166667,0.034668
117.200000,0.036662
117.233333,0.027768
117.266667,0.012460
117.300000,-0.004003
117.333333,-0.016555
117.366667,-0.021321
117.400000,-0.017125
117.433333,-0.006509
117.466667,0.005045
117.500000,0.011314
117.533333,0.007570
117.566667,-0.007699
117.600000,-0.031595
117.633333,-0.056947
117.666667,-0.074504
117.700000,-0.076225
117.733333,-0.057791
117.766667,-0.019697
117.800000,0.032713
117.833333,0.090364
117.866667,0.142977
117.900000,0.181922
117.933333,0.201728
117.966667,0.200030
118.000000,0.177063
118.033333,0.135168
118.066667,0.077892
118.100000,0.009028
118.133333,-0.067361
118.166667,-0.145865
118.200000,-0.218811
118.233333,-0.276393
118.266667,-0.307998
118.300000,-0.304778
118.333333,-0.263114
118.366667,-0.187488
118.400000,-0.090943
118.433333,0.007401
118.466667,0.087219
118.500000,0.133297
118.533333,0.141372
118.566667,0.120065
118.600000,0.086492
118.633333,0.057502
118.666667,0.042224
118.700000,0.040720
118.733333,0.049375
118.766667,0.069478
118.800000,0.112894
118.833333,0.198542
118.866667,0.337852
118.900000,0.515772
118.933333,0.680017
118.966667,0.749377
119.000000,0.642888
119.033333,0.320634
119.066667,-0.182184
119.100000,-0.749336
119.133333,-1.218055
119.166667,-1.444377
119.200000,-1.368335
119.233333,-1.043802
119.266667,-0.614586
119.300000,-0.245639
119.333333,-0.042204
119.366667,0.000587
119.400000,-0.012197
119.433333,0.058061
119.466667,0.298920
119.500000,0.693665
119.533333,1.126937
119.566667,1.441103
119.600000,1.509494
119.633333,1.288560
119.666667,0.828383
119.700000,0.246771
119.733333,-0.313283
119.766667,-0.725914
119.800000,-0.915299
119.833333,-0.872346
119.866667,-0.650364
119.900000,-0.342300
119.933333,-0.049644
119.966667,0.146042
120.000000,0.202139
120.033333,0.121522
120.066667,-0.053742
120.100000,-0.258760
120.133333,-0.426518
120.166667,-0.506599
120.200000,-0.477078
120.233333,-0.347110
120.266667,-0.150605
120.300000,0.065593
120.333333,0.254525
120.366667,0.379773
120.400000,0.422371
120.433333,0.383148
120.466667,0.280446
120.500000,0.144534
120.533333,0.010429
120.566667,-0.090171
120.600000,-0.137142
120.633333,-0.127860
120.666667,-0.077450
120.700000,-0.012367
120.733333,0.040165
120.766667,0.062663
120.800000,0.053860
120.833333,0.028254
120.866667,0.008244
120.900000,0.012132
120.933333,0.043981
120.966667,0.090532
121.000000,0.126945
121.033333,0.128939
121.066667,0.085443
121.100000,0.004962
121.133333,-0.087827
121.166667,-0.162991
121.200000,-0.197858
121.233333,-0.185474
121.266667,-0.135768
121.300000,-0.069332
121.333333,-0.007420
121.366667,0.036009
121.400000,0.056517
121.433333,0.056730
121.466667,0.042610
121.500000,0.020553
121.533333,-0.004118
121.566667,-0.026881
121.600000,-0.042688
121.633333,-0.045882
121.666667,-0.032714
121.700000,-0.004430
121.733333,0.032086
